文章日期,文章标题,文章链接,文章简介,文章作者,文章封面,原文链接,是否原创,文章位置,是否付费,阅读数,在看数,点赞数,留言数
2021-12-07,当你电脑蓝屏时的粗暴解决方案,http://mp.weixin.qq.com/s?__biz=MjM5Mjc3MDM2Mw==&mid=2651137108&idx=1&sn=04e39c893cc922f99c5619587b2d4fd9&chksm=bd50b4008a273d16c2633a8b64ade4f819fcf83f11001f1d8ff211da9a71e31d4463cb172beb&scene=27#wechat_redirect,最近不知道怎么回事，家里电脑经常性地出现蓝屏，很多时候有些文档没有保存便蓝屏导致文档丢失，其中也包括您现在正在看到的这一篇文章，以前一直比较懒，重启大法一顿怼，然后重新再做编辑，只不过PPT重做简直要人命，无奈之下，放下了所有的工作。,吾爱pojie,http://mmbiz.qpic.cn/sz_mmbiz_jpg/LFPriaSjBUZJOc8LZsHhtZ2QIrpAvH17d8TjNQhXXNeBvxPc9rIZezlJ5599cGNShOr2MCybaicaLs0w5dhYTc2A/0?wx_fmt=jpeg,https://www.52pojie.cn/thread-1555938-1-1.html,是,1,否,72316,156,675,82
2021-11-23,【Web逆向】【vscode插件】quokkapro激活码,http://mp.weixin.qq.com/s?__biz=MjM5Mjc3MDM2Mw==&mid=2651137100&idx=1&sn=5da533f71f1661b410a804df3ed5ee15&chksm=bd50b4188a273d0ea606e3bc9ea83decf4df53d970b13981cf30b48cc07d9a4be64384e407a9&scene=27#wechat_redirect,quokkapro虽然右下角每次都会弹窗（有时候是试用，有时候是升级pro，有时候是过期），但是能用就好不是。。。当然，改js也不是不行。。。但是每次更新都要改就挺烦的，能“正规注册”为什么要改代码（笑~）,吾爱pojie,http://mmbiz.qpic.cn/sz_mmbiz_jpg/LFPriaSjBUZKCicy9DtmSQicpAoibqQZJf2lbbBV7x73jlOGvibV0tlEnteA563DsvVaick2hqtGEicpOmF3qv2Ws6Xhg/0?wx_fmt=jpeg,https://www.52pojie.cn/thread-1549263-1-1.html,是,1,否,21615,24,121,14
2021-11-22,【原创】混合布尔算术运算的混淆及反混淆,http://mp.weixin.qq.com/s?__biz=MjM5Mjc3MDM2Mw==&mid=2651137075&idx=1&sn=04c02897e4313796856c27503235623b&chksm=bd50b4678a273d719354059717c1e87e0d611c87f8c615af6376ec6d9cde5f7878bddd0bdaaf&scene=27#wechat_redirect,最近看了几篇关于混合布尔算术MBA(MixedBitwise-Arithmetic)的论文，可以用于处理vmp万用门的混淆，所以写出来和大家分享一下。混合布尔算术运算结合了算术运算(加法、减法和乘法等)和布尔运算(与、或、非和异或)。,吾爱pojie,http://mmbiz.qpic.cn/sz_mmbiz_jpg/LFPriaSjBUZKCicy9DtmSQicpAoibqQZJf2l4muibj9FQ3bicBIkicadqBEeLzjJcmQLibRkiclVfDlI46c5Z9k0suQJ3Yw/0?wx_fmt=jpeg,https://www.52pojie.cn/thread-1548533-1-1.html,是,1,否,15950,58,448,25
2021-11-18,【PC样本分析】挖矿病毒分析之powershell解密小技巧,http://mp.weixin.qq.com/s?__biz=MjM5Mjc3MDM2Mw==&mid=2651137056&idx=1&sn=a2512a648308aee3abe70db1620763ad&chksm=bd50b4748a273d6243fb02e141aedd5125e9ecee90ca6afa36cb35a9d6c1e3f7164917aae439&scene=27#wechat_redirect,近几年挖矿病毒比较多，比较早的PowerGhost、驱动人生挖矿、近期还在继续活跃的MyKing，柠檬鸭等病毒关键部分就是powershell脚本，前几天看到有人求助分析一个柠檬鸭的样本，也算是对自己分析解密powershell脚本的总结吧,吾爱pojie,http://mmbiz.qpic.cn/sz_mmbiz_jpg/LFPriaSjBUZLAuRsIFLetRgSjFqPDP7xCnKf72fIvH2X8D64YRmtyYViaqA4xpNkzqEf3McHz3B7f5emUUvmhHJA/0?wx_fmt=jpeg,https://www.52pojie.cn/thread-1543561-1-1.html,是,1,否,10054,11,56,10
2021-11-17,【原创】红色警戒2-尤里复仇之游戏内部集成辅助002,http://mp.weixin.qq.com/s?__biz=MjM5Mjc3MDM2Mw==&mid=2651137047&idx=1&sn=500a222521102930c6622821b65bff64&chksm=bd50b4438a273d55d52ad289f0f9f7e8a95de6f3d6653c7b12f901818db6ca48b5ac1acba18d&scene=27#wechat_redirect,鉴于上一个帖子有点火，于是我加班加点把2号界面也设计完成了，并且调整了1号界面。代码也全部完成，虽然不完美，也许有bug，但是能用。,吾爱pojie,http://mmbiz.qpic.cn/sz_mmbiz_jpg/LFPriaSjBUZLw7SGNRSfuLMjRcxgxAxr4bQblIaILpqPxOYsQtrTliaia4Fw1MutU5IG0zwmGBiaHibXug9djuzD6fQ/0?wx_fmt=jpeg,https://www.52pojie.cn/thread-1540572-1-1.html,是,1,否,43531,51,238,68
2021-11-16,【原创】红色警戒2-尤里复仇之游戏内部集成辅助001,http://mp.weixin.qq.com/s?__biz=MjM5Mjc3MDM2Mw==&mid=2651137030&idx=1&sn=8cd478b49d98de507c054446fbc75232&chksm=bd50b4528a273d447ff838787bdcfb4a39b23714b986e8147da899e162f8151cd778e9994ea5&scene=27#wechat_redirect,打算做一个系列，在游戏内部集成辅助，这是一个大课题，一个帖子是讲不完的，本篇算开题。本帖内容：在游戏内部集成辅助的界面设计。,吾爱pojie,http://mmbiz.qpic.cn/sz_mmbiz_jpg/LFPriaSjBUZLw7SGNRSfuLMjRcxgxAxr4wLRdoLyPibWYxogNj6JFREmLmS6ibbS6kFIy6e0bBuiatIcUcic4Fqoc1A/0?wx_fmt=jpeg,https://www.52pojie.cn/thread-1538527-1-1.html,是,1,否,31745,45,215,35
2021-11-11,【开放注册公告】吾爱破解论坛2021年11月11日光棍节开放注册公告即将开始12：00--14：00和20：00--22：00，赶不上的定个晚间闹钟吧，新信息会在微博继续发布，推荐使用电脑注册，可以使用论坛的诊断修复工具修复一次，方便提前解决注册中可能会遇到的问题，如果修复后还是不行建议尽快更换设备尝试，注册页面会强制10分钟来阅读注册须知，须知中包括了你注册现在和未来可能会遇到的问题，请仔细阅读，否则可能无法注册成功或注册后被清理，开放注册期间暂停签到任务、QQ登录绑定、下载论坛附件功能、默认搜索功能、首页五格功能、论坛帖子排序、技术新贴等功能请各位知晓，在论坛等待大家光临。,http://mp.weixin.qq.com/s?__biz=MjM5Mjc3MDM2Mw==&mid=2651137008&idx=1&sn=b77e901624b27c864131ef5adbed457e&chksm=bd50b3a48a273ab2ac203d21e1bd7b661bacc31d9a54ea689488bd878f83e7011ee2bdade751&scene=27#wechat_redirect,,,,,否,1,否,19780,49,219,0
2021-11-09,光棍节开放注册微信抽奖活动，再送40个账号注册码或300论坛币，今天下午两点开奖，详见：【开放注册公告】吾爱破解论坛2021年11月11日光棍节开放注册公告,http://mp.weixin.qq.com/s?__biz=MjM5Mjc3MDM2Mw==&mid=2651137006&idx=1&sn=fd3806112b515b5de98ad0661aedf110&chksm=bd50b3ba8a273aacb6e73d7b2609a08a5afbf849ff6b0fbed0a297e82752b5f1169fbf23edee&scene=27#wechat_redirect,,,,,否,1,否,13547,24,92,0
2021-11-07,【开放注册公告】吾爱破解论坛2021年11月11日光棍节开放注册公告,http://mp.weixin.qq.com/s?__biz=MjM5Mjc3MDM2Mw==&mid=2651137004&idx=1&sn=0f982833f4e0a7fe2ad4e00250b186ec&chksm=bd50b3b88a273aae655638cf7042eea47e6bbb0843644dc45dd1a6ebf8c0522d47399cb3fb6d&scene=27#wechat_redirect,内有福利，再送40个账号注册码或300论坛币，吾爱破解论坛开放注册时间如下2021年11月11日12：00--14：00和20：00--22：00，赶紧上好闹钟顺便告诉小伙伴吧。,,http://mmbiz.qpic.cn/sz_mmbiz_jpg/LFPriaSjBUZJSo2s9ldWeicXy4AiavbgQvd9uPejl8KGWgpKibsiaz5l4HDTPDeEL8QYE1RdSwRuibg7xqsMxwuLxSNw/0?wx_fmt=jpeg,https://www.52pojie.cn/thread-1537248-1-1.html,否,1,否,75368,71,214,83
2021-11-05,光棍节开放注册微信抽奖活动，先送20个账号注册码或300论坛币，今天下午两点开奖，详见：【开放注册公告】吾爱破解论坛2021年11月11日光棍节开放注册公告,http://mp.weixin.qq.com/s?__biz=MjM5Mjc3MDM2Mw==&mid=2651137001&idx=1&sn=6e8fa4817f481a655a942424197893f3&chksm=bd50b3bd8a273aab948c3f755dededbf32ec0fa8cbef969a23bbab719f70c1bc26de93207292&scene=27#wechat_redirect,,,,,否,1,否,14398,24,105,0
2021-11-03,【AndroidCTF】使用trace进行算法还原,http://mp.weixin.qq.com/s?__biz=MjM5Mjc3MDM2Mw==&mid=2651136999&idx=1&sn=abaae69b27efef80e350d7478a516533&chksm=bd50b3b38a273aa5302cbb9bbcddf27f0b361a84706680e9646cafca92d831aa4891de8a8e6a&scene=27#wechat_redirect,小伙伴发来的题，说是某比赛线下题目，我们来使用trace进行算法还原。,吾爱pojie,http://mmbiz.qpic.cn/sz_mmbiz_jpg/LFPriaSjBUZJibDzzNZBicVyC4vpsrEIjTcdco17a0ASSZVNnvr2qiaT2jibzk8RL4wHxImZQic9ZXRDE6oHfbk0A2nw/0?wx_fmt=jpeg,https://www.52pojie.cn/thread-1537069-1-1.html,是,1,否,12725,19,58,8
2021-11-02,【开放注册公告】吾爱破解论坛2021年11月11日光棍节开放注册公告,http://mp.weixin.qq.com/s?__biz=MjM5Mjc3MDM2Mw==&mid=2651136981&idx=1&sn=8ea3bc6828ed0fd092f168a5acc9feea&chksm=bd50b3818a273a971854a772f764918f107afc48516fcbd708cf6031ca75f250919f66ad1d1b&scene=27#wechat_redirect,内有福利，先送20个账号注册码或300论坛币，吾爱破解论坛开放注册时间如下2021年11月11日12：00--14：00和20：00--22：00，赶紧上好闹钟顺便告诉小伙伴吧。,,http://mmbiz.qpic.cn/sz_mmbiz_jpg/LFPriaSjBUZJSo2s9ldWeicXy4AiavbgQvd9uPejl8KGWgpKibsiaz5l4HDTPDeEL8QYE1RdSwRuibg7xqsMxwuLxSNw/0?wx_fmt=jpeg,https://www.52pojie.cn/thread-1537248-1-1.html,否,1,否,70706,64,224,61
2021-10-27,【清理未活跃会员】清理2021年暑假开放注册未活跃会员公告,http://mp.weixin.qq.com/s?__biz=MjM5Mjc3MDM2Mw==&mid=2651136978&idx=1&sn=e8622573e5734e7baeae8b5bd1dd8574&chksm=bd50b3868a273a90761dd7714a89884a705b555dad10d4634c7fc19555961032644b13ffa099&scene=27#wechat_redirect,暑假开放注册一天四小时内共注册35160人，为了保持论坛的活性，统计开放注册后就一直未激活会员共1158位，激活后发帖和回帖总计不超过2贴的会员26126名，注册一个月后就再也没有登录过的会员555名，最后统计有效注册人数为7057，名。,,http://mmbiz.qpic.cn/sz_mmbiz_jpg/LFPriaSjBUZJFPIjCyPewNdo1FGI7y3aq6pic0IVQLu47O4rjpCY1F6f6NshJ4SqiaTibMQ4aqiayNFrI2nkjHIArtg/0?wx_fmt=jpeg,https://www.52pojie.cn/thread-1534283-1-1.html,否,1,否,41397,66,344,0
2021-10-20,【系统底层】系统调用(R3API调用过程详解),http://mp.weixin.qq.com/s?__biz=MjM5Mjc3MDM2Mw==&mid=2651136972&idx=1&sn=e0808358f1a92fc8a8b500658d1a59a0&chksm=bd50b3988a273a8e82a0c85c674ae41597ff85d4bb20db040f6fd9fe7db5ace7c364ebc82c47&scene=27#wechat_redirect,API(ApplicationProgrammingInterface)，我们调用时只需提供正确的参数以及接收返回值就可以判断API执行是否成功或者通过GetLastError获得错误原因.,吾爱pojie,http://mmbiz.qpic.cn/sz_mmbiz_jpg/LFPriaSjBUZKpJyxPyNBJLPwXge1DHb79H7PfbrQM2VkCicAh2DmOS7NGibdjNb8CBMOHdyxK6r9PSbticd3Xvwh1Q/0?wx_fmt=jpeg,https://www.52pojie.cn/thread-1525669-1-1.html,是,1,否,11701,26,152,4
2021-09-21,（图作者，@Ps出来的小赵）,http://mp.weixin.qq.com/s?__biz=MjM5Mjc3MDM2Mw==&mid=2651136620&idx=1&sn=eb583a3b912a0b635f367d831859562b&chksm=bd50b2388a273b2e8df797bad490814f17aa060377fa558b6487ab347d7ffdd9fb487dc6d74c&scene=27#wechat_redirect,（图作者，@Ps出来的小赵）,,http://mmbiz.qpic.cn/sz_mmbiz_jpg/LFPriaSjBUZKZAkKqrn5XBkZ7YhiaqJaaIYia5trHwHjBFiaicrxBfH6uFOoUNFj1EDjIBqBlOJ7ZIGicPHCC9x3Upqw/0?wx_fmt=jpeg,,否,1,否,21114,74,335,0
2021-09-14,【原创】手脱花指令及IDA脚本编写,http://mp.weixin.qq.com/s?__biz=MjM5Mjc3MDM2Mw==&mid=2651136616&idx=1&sn=503caf7e784e62dd93d8241bf3af0a0f&chksm=bd50b23c8a273b2a4f2db1565d2c0e2cab7b1162a1dad5f34fb813c856999178b45756de2b90&scene=27#wechat_redirect,综合许多篇帖子而成，大多参考以末尾参考文章形式给出，适用于初学者，感谢大家提出意见。可结合末尾源码参考学习。感觉有用的话感谢大佬们点个赞。,吾爱pojie,http://mmbiz.qpic.cn/sz_mmbiz_jpg/LFPriaSjBUZKLgR8Yxo7ul4cfXQXibh7d4JXmLLod2OiaMzbZpm4GA9HxDKxWdb5vN3gqHT9d1GZ9o7HjupN0ReQA/0?wx_fmt=jpeg,https://www.52pojie.cn/thread-1512089-1-1.html,是,1,否,16759,23,60,12
2021-09-10,（图作者，@Ps出来的小赵）,http://mp.weixin.qq.com/s?__biz=MjM5Mjc3MDM2Mw==&mid=2651136601&idx=1&sn=62572a93f3ff07782c6d53ba47edd716&chksm=bd50b20d8a273b1b7172226c8b06eb489f52d8d99d5a98e592e954d578ece4d1425c8fb67a78&scene=27#wechat_redirect,（图作者，@Ps出来的小赵）,,http://mmbiz.qpic.cn/sz_mmbiz_jpg/LFPriaSjBUZKN9gKzmHCMChtGibOMicCAPnibMIbP746V5PQS4cyQAEHFFibNy6XM3jlolQzePhmNbttr2GQ1gDEsicw/0?wx_fmt=jpeg,,否,1,否,12960,69,281,0
2021-09-02,【CTF】MSF和Impacket后渗透拿域控,http://mp.weixin.qq.com/s?__biz=MjM5Mjc3MDM2Mw==&mid=2651136562&idx=1&sn=a7a24fab7590487a485046ce66c4ac24&chksm=bd50b2668a273b709131cd66505a7cc66f604c72bf34fbbca778a6fe6b46e0c5a4a2c9615a82&scene=27#wechat_redirect,MSF和Impacket后渗透的使用方法！,吾爱pojie,http://mmbiz.qpic.cn/sz_mmbiz_jpg/LFPriaSjBUZKO0fkfAM5PMNKcP1g7YMIcmo5ueaRrHEUjanFyA7MvvfpEAP6CnulzAW1JePz2HrkLdIgTCwMAicg/0?wx_fmt=jpeg,https://www.52pojie.cn/thread-1502071-1-1.html,是,1,否,14515,19,64,7
2021-09-01,【原创】移除ollvm中的控制流平坦化、不透明谓词,http://mp.weixin.qq.com/s?__biz=MjM5Mjc3MDM2Mw==&mid=2651136448&idx=1&sn=fa8205618a94f41d3b36fac593b3e8ac&chksm=bd50b1948a27388254ce46df7c35dc3e5449c63552b56f90b783bcfd272b7f13ec2d8f2c16ea&scene=27#wechat_redirect,移除ollvm中的控制流平坦化、不透明谓词，实现了在x86_64架构下，开启代码优化后，控制流平坦化以及不透明谓词的移除，实现原理不同于符号执行，无需条件约束，在遇到BCF增加的死循环块的时候，依然可以完成路径遍历。。。,吾爱pojie,http://mmbiz.qpic.cn/sz_mmbiz_jpg/LFPriaSjBUZKh7AO4UtFpO4faqo9OvwVbYNkSIRpcLwvaYQyMsW5r0XKpCChkVEiaLXV26yK5yjsG14A0bj75LKw/0?wx_fmt=jpeg,https://www.52pojie.cn/thread-1502997-1-1.html,是,1,否,9479,11,61,2
2021-08-25,MalwareClassificationwithDeepConvolutionalNeuralNetworks,http://mp.weixin.qq.com/s?__biz=MjM5Mjc3MDM2Mw==&mid=2651136404&idx=1&sn=c9d79e7eefcc68b6943e3f44e1585512&chksm=bd50b1c08a2738d637fd7e7ae5a862564ff39b7b5b631b31623b8341957840ca7f784d3e337a&scene=27#wechat_redirect,深度学习作为近年来的一个热点话题，广泛应用与各个领域。在恶意代码识别领域也有不少学者进行相关的研究。这边选取一篇2018年发表的论文来简单描述一下深度学习在Windows平台上面恶意代码识别的应用。,吾爱pojie,http://mmbiz.qpic.cn/sz_mmbiz_jpg/LFPriaSjBUZL1mNTM2D3SZAApiaLnvGd8ibn6cOmBbHnhiaw0A1W6k1iak3QgfTtadBV7OhzvhN0yf6VyTjNL2X5OUQ/0?wx_fmt=jpeg,https://www.52pojie.cn/thread-1497415-1-1.html,是,1,否,15304,24,51,15
2021-08-24,【原创】如何禁用软件DLL劫持（DisableDLLHijacking）,http://mp.weixin.qq.com/s?__biz=MjM5Mjc3MDM2Mw==&mid=2651136391&idx=1&sn=a27c6302dd9c38e65d6a0c09f54612fc&chksm=bd50b1d38a2738c55afba0b231fde10fc3a053ad6f7b6aa0f366e4634372e6a75949c0008017&scene=27#wechat_redirect,越来越多的木马使用DLL劫持功能进行加载，大家也经常做补丁使用DLL劫持功能进行破解，有没有想过如何进行防护了？本文介绍通过修改文件manifest属性进行定向位置加载和动态加载签名校验来解决劫持问题，给开发者提供一些防护思路，加强软件保护,吾爱pojie,http://mmbiz.qpic.cn/sz_mmbiz_jpg/LFPriaSjBUZLnwibRMKA9FgIibhurib1gfaiaU7oSmia6ZM8cRX7865wCtYkO2bLbEibUxYicJHiaun2PicliaiaAibxqQ1qkdA/0?wx_fmt=jpeg,https://www.52pojie.cn/thread-1499316-1-1.html,是,1,否,16236,35,91,27
2021-08-20,【原创】顶拉力式电磁吸力锁门禁编程密M钥暴力重置,http://mp.weixin.qq.com/s?__biz=MjM5Mjc3MDM2Mw==&mid=2651136386&idx=1&sn=98e8d060f922469934e97c5b24b2c5b6&chksm=bd50b1d68a2738c0fcc54cd5ed72836d505772b5ddaa810037fa2c45c2e9ee16c99f916cdb0a&scene=27#wechat_redirect,现在大部份小区铁门，楼栋单元门都装有顶式拉力电磁吸力锁，单位的电磁吸门禁还是用845老式的密码读卡器开门，用了多年以后按钮都给磨白了，把二师兄牵来，也能一眼就看出怎么开门，领导实在看不下去就让我修改『开门密M钥』。,吾爱pojie,http://mmbiz.qpic.cn/sz_mmbiz_jpg/LFPriaSjBUZLcPpyuBaNETEPPAvI09G02vG4cElVZI5ZLFPtNHicgNGHcuWKRBoC62mrOmKcYPzo3a4KQjLfYKDg/0?wx_fmt=jpeg,https://www.52pojie.cn/thread-1492571-1-1.html,是,1,否,28197,46,182,46
2021-08-19,【原创】利用机器学习分析vmp的思路,http://mp.weixin.qq.com/s?__biz=MjM5Mjc3MDM2Mw==&mid=2651136377&idx=1&sn=32adcf90fd09a46deb0b55f0e91a004c&chksm=bd50b12d8a27383b4b50f3d7dd74ec1594e51a20a1f2eb90845c46816e6b8ca7fb933983aed1&scene=27#wechat_redirect,继续使用上一篇文章《利用活跃变量分析来去掉vmp的大部分垃圾指令》的样本，本篇文章分析vmp的大致思路是通过机器学习对handle进行分类，然后分别处理和化简。,吾爱pojie,http://mmbiz.qpic.cn/sz_mmbiz_jpg/LFPriaSjBUZLfrrgFAftSNVscK3af0SyP7qeSwLcVIY3BiaTDy4uIeQEJsDx1ricwe7klT73EmHGrUE4k52H94hdQ/0?wx_fmt=jpeg,https://www.52pojie.cn/thread-1496099-1-1.html,是,1,否,13652,22,61,13
2021-08-18,【PC样本分析】一次对CryptoShield勒索软件的详细分析报告,http://mp.weixin.qq.com/s?__biz=MjM5Mjc3MDM2Mw==&mid=2651136335&idx=1&sn=5988367fe186e668e82d66a64f672a32&chksm=bd50b11b8a27380d598061d99e4c9f58726ac049beff6e0e2df7d7d2b58e15d68a5c3c83e7bb&scene=27#wechat_redirect,很久前手里的一个样本，之前因为技术不够一直没有详细分析，最近心血来潮尽我所能详细分析一下。,吾爱pojie,http://mmbiz.qpic.cn/sz_mmbiz_jpg/LFPriaSjBUZLfrrgFAftSNVscK3af0SyPq0l4lBDLrr2najMnuZDcUKDJxcFicxHZ5icn2hzua6H5wicDDDEHNWqxQ/0?wx_fmt=jpeg,https://www.52pojie.cn/thread-1485004-1-1.html,是,1,否,13301,44,170,21
2021-08-13,【原创】ELF导入表，导出表加固原理分析与实现,http://mp.weixin.qq.com/s?__biz=MjM5Mjc3MDM2Mw==&mid=2651136288&idx=1&sn=5e02daffeb28ca83622f75c8f4edd03e&chksm=bd50b1748a273862b66fa5b63f93948c054b963cc7d4d6d7a024bafa28c13a2d9bdf3b853764&scene=27#wechat_redirect,ELF格式是被广泛应用的可执行文件、共享库格式。然而ELF文件的加固技术相较为落后，随着安卓系统的推广，承载nativeso的ELF格式也日趋流行，因而ELF文件加固技术有了较大提升，本文将讨论ELF动态库的导入，导出表加密的原理与实现。,吾爱pojie,http://mmbiz.qpic.cn/sz_mmbiz_jpg/LFPriaSjBUZLiaBotRy2dDHJTkBX5pWezORr806F6mK0nkqzE8HNXibJnbjiavoA0dUnaSsEDswdufrHW6p9wdy8hw/0?wx_fmt=jpeg,https://www.52pojie.cn/thread-1489271-1-1.html,是,1,否,9438,17,33,6
2021-07-31,【公告】BanID，phpstudy1【弄虚作假冒充原创】,http://mp.weixin.qq.com/s?__biz=MjM5Mjc3MDM2Mw==&mid=2651136254&idx=1&sn=bc6692474354b507fe11c0ccc7161103&chksm=bd50b0aa8a2739bc328e47673ef04b90dd2de7ecd814a33faa60c44c93120bed6030eecc5934&scene=27#wechat_redirect,phpstudy1发布的原创帖子，实质是弄虚作假冒充原创，利用两份不一样的代码自导自演达到目的。后被热心技术坛友识破，经核实后，封号处理。,吾爱pojie,http://mmbiz.qpic.cn/sz_mmbiz_jpg/LFPriaSjBUZKUIKPayCUgPbKibQwyF7fUGMPVEhGZuel2eibmricJnHUNfsiaBZFyUAUbQ66tYntEmH3VHa7fzU7Hdg/0?wx_fmt=jpeg,https://www.52pojie.cn/thread-1485825-1-1.html,是,1,否,43558,77,495,74
2021-07-29,【调试逆向】极x壁纸-图片请求数据解密,http://mp.weixin.qq.com/s?__biz=MjM5Mjc3MDM2Mw==&mid=2651136212&idx=1&sn=ebab77b4dfb04e511f371e1fd064d3b7&chksm=bd50b0808a273996d7e5eca2a89ebf6b70a2c833c84fd3dd2950da3da6a28d3551f4133b2be1&scene=27#wechat_redirect,网站不知道从哪找的加密程序，强行开开发者工具会比较吃内存，CPU，只好想别的办法了。,吾爱pojie,http://mmbiz.qpic.cn/sz_mmbiz_jpg/LFPriaSjBUZJwufaH8Yv51XROpHh4OPMicZNQqr0cvibcrZCnVPXRRHYzFyI63TJEW7QEOSuRLyeZndtmgwea6Kug/0?wx_fmt=jpeg,https://www.52pojie.cn/thread-1482491-1-1.html,是,1,否,20008,34,121,12
2021-07-28,【原创】搞掉一个仿冒闲鱼转转诈骗钓鱼网站,http://mp.weixin.qq.com/s?__biz=MjM5Mjc3MDM2Mw==&mid=2651136183&idx=1&sn=7d7b93b0fd5b0f45258c792700295ff1&chksm=bd50b0e38a2739f5aa543fadcca73662d215f3974a0b06049f2e4fca810f16effda9e4adddad&scene=27#wechat_redirect,随着二手交易平台的诞生，最近一段时间出现了仿冒闲鱼转转交易猫等二手实物、账号的交易平台，骗子抓住机会也来了，诈骗站一般都是对接的，，易购、，东等平台的支付接口，支付后，闲鱼并不会出现任何订单，这笔钱就给骗子的QQ充值了QB或者话费了。,吾爱pojie,http://mmbiz.qpic.cn/sz_mmbiz_jpg/LFPriaSjBUZJwufaH8Yv51XROpHh4OPMicstqR2iasLuopzqmYHvAFibI68vP7Rm28UrJRr6ELM2CyqmaPMeicrPH7w/0?wx_fmt=jpeg,https://www.52pojie.cn/thread-1481655-1-1.html,是,1,否,73439,276,1535,100
2021-07-22,【Android原创】你的不足，我来补,http://mp.weixin.qq.com/s?__biz=MjM5Mjc3MDM2Mw==&mid=2651136171&idx=1&sn=7f10fdeb9c7cfc72a594d1bec92e1542&chksm=bd50b0ff8a2739e92c47149a5e9227d7f3b45609ee5e53c71fa5d525e60acb6e3bede67f0184&scene=27#wechat_redirect,今天的教学，你学费了吗？,吾爱pojie,http://mmbiz.qpic.cn/sz_mmbiz_jpg/LFPriaSjBUZJAAO3LNmIMDQajgKLr8dEibQKADXmGsNjYVeLku37AdCFyOpEa2LRCs7CSRt1uFAMWceSBib1QayUw/0?wx_fmt=jpeg,https://www.52pojie.cn/thread-1479899-1-1.html,是,1,否,47401,53,205,44
2021-07-21,【开放注册公告】吾爱破解论坛2021年7月21日暑假开放注册公告即将开始12：00--14：00和20：00--22：00，赶不上的定个晚间闹钟吧，新信息会在微博继续发布，推荐使用电脑注册，可以使用论坛的诊断修复工具修复一次，方便提前解决注册中可能会遇到的问题，如果修复后还是不行建议尽快更换设备尝试，注册页面会强制10分钟来阅读注册须知，须知中包括了你注册现在和未来可能会遇到的问题，请仔细阅读，否则可能无法注册成功或注册后被清理，开放注册期间暂停下载论坛附件功能、默认搜索功能、首页五格功能、论坛帖子排序、签到任务、技术新贴、QQ登录绑定等功能请各位知晓，在论坛等待大家光临。,http://mp.weixin.qq.com/s?__biz=MjM5Mjc3MDM2Mw==&mid=2651136144&idx=1&sn=cc8d14b6656b9ed9de4f5f0a13d4cc15&chksm=bd50b0c48a2739d26e8380700b20e180cd1fd8098bda2e9384ac60e00a3ae2b2f1688b8d42a5&scene=27#wechat_redirect,,,,,否,1,否,28676,97,344,0
2021-07-19,暑假开放注册微信抽奖活动，再送40个账号注册码或300论坛币，下午两点开奖，详见：【开放注册公告】吾爱破解论坛2021年7月21日暑假开放注册公告,http://mp.weixin.qq.com/s?__biz=MjM5Mjc3MDM2Mw==&mid=2651136142&idx=1&sn=5ed078fd9d392a6e25520f0efe503e1f&chksm=bd50b0da8a2739ccdc65f66a9606a2765e50afd37b89883da3485e84e69c8fed9a3cffe70176&scene=27#wechat_redirect,,,,,否,1,否,18194,22,92,0
2021-07-17,暑假开放注册微信抽奖活动，再送40个账号注册码或300论坛币，周一下午两点开奖，详见：【开放注册公告】吾爱破解论坛2021年7月21日暑假开放注册公告,http://mp.weixin.qq.com/s?__biz=MjM5Mjc3MDM2Mw==&mid=2651136140&idx=1&sn=b7eee49b0a437a7b28ab5714755ac474&chksm=bd50b0d88a2739cee97fbbdbc66aa20a1f816f75d95c28e47b3d8becf9793f6b373daed695ae&scene=27#wechat_redirect,,,,,否,1,否,17925,28,110,0
2021-07-16,【开放注册公告】吾爱破解论坛2021年7月21日暑假开放注册公告,http://mp.weixin.qq.com/s?__biz=MjM5Mjc3MDM2Mw==&mid=2651136138&idx=1&sn=3f7c3b90452a7b7a40a4d79425308167&chksm=bd50b0de8a2739c8c800412240e82ecc920df752975486199e7fa479ec3fec0385d1f400a08e&scene=27#wechat_redirect,内有福利，再送40个账号注册码或300论坛币，吾爱破解论坛开放注册时间如下2021年7月21日12：00--14：00和20：00--22：00，赶紧上好闹钟顺便告诉小伙伴吧。,,http://mmbiz.qpic.cn/sz_mmbiz_jpg/LFPriaSjBUZJSo2s9ldWeicXy4AiavbgQvd9uPejl8KGWgpKibsiaz5l4HDTPDeEL8QYE1RdSwRuibg7xqsMxwuLxSNw/0?wx_fmt=jpeg,https://www.52pojie.cn/thread-1474731-1-1.html,否,1,否,98490,67,202,59
2021-07-14,暑假开放注册微信抽奖活动，先送20个账号注册码或300论坛币，明天周四下午两点开奖，详见：【开放注册公告】吾爱破解论坛2021年7月21日暑假开放注册公告,http://mp.weixin.qq.com/s?__biz=MjM5Mjc3MDM2Mw==&mid=2651136136&idx=1&sn=f8f8412b8c35b89fcfc816e82ff7b319&chksm=bd50b0dc8a2739ca33dad93312254b93bf87bf91cadba2587338c696efcd022f3b0808e91b37&scene=27#wechat_redirect,,,,,否,1,否,19011,46,166,0
2021-07-13,【移动样本分析】某锁机软件的so脱壳与逆向分析,http://mp.weixin.qq.com/s?__biz=MjM5Mjc3MDM2Mw==&mid=2651136134&idx=1&sn=a4559fe21550fcd7dc565e29bb168906&chksm=bd50b0d28a2739c4d5a49ab2f685bfe86e2167670a9a46ff14302713008e508aab357ddba4d9&scene=27#wechat_redirect,高考完了，有时间水群吹牛逼了。碰巧某同学说自己平板被&quot;锁机软件&quot;锁了，只能通过输入动态码解锁。他提供了样本apk，说希望能逆出来动态码算法。虽然对安卓逆向非常陌生，但总比打一天游戏更有意义，于是开干。,吾爱pojie,http://mmbiz.qpic.cn/sz_mmbiz_jpg/LFPriaSjBUZIFoR9iadA0VWCem9ia4iah4Tg0xv1xKibJNRGYDjSYHG26YGyx7SsTNaV2jAibJogW2zTVnBBCiaG18GpQ/0?wx_fmt=jpeg,https://www.52pojie.cn/thread-1472169-1-1.html,是,1,否,16158,23,73,20
2021-07-12,【开放注册公告】吾爱破解论坛2021年7月21日暑假开放注册公告,http://mp.weixin.qq.com/s?__biz=MjM5Mjc3MDM2Mw==&mid=2651136112&idx=1&sn=47900ade61fb870247a75aa434f43b64&chksm=bd50b0248a273932ae569b5f8fac4b57b1862415db048bf45e3d81ee82d844378579fa938c1b&scene=27#wechat_redirect,内有福利，先送20个账号注册码或300论坛币，吾爱破解论坛开放注册时间如下2021年7月21日12：00--14：00和20：00--22：00，赶紧上好闹钟顺便告诉小伙伴吧。,,http://mmbiz.qpic.cn/sz_mmbiz_jpg/LFPriaSjBUZJSo2s9ldWeicXy4AiavbgQvd9uPejl8KGWgpKibsiaz5l4HDTPDeEL8QYE1RdSwRuibg7xqsMxwuLxSNw/0?wx_fmt=jpeg,https://www.52pojie.cn/thread-1474731-1-1.html,否,1,否,90347,90,306,81
2021-07-09,【iOS原创】iOS视频广告游戏跳过,http://mp.weixin.qq.com/s?__biz=MjM5Mjc3MDM2Mw==&mid=2651136110&idx=1&sn=17a86ba4ac8ec63b201a15505cc28a82&chksm=bd50b03a8a27392cc527e9cbc2aada83364a8d58b24392af535273272a2f63d151a6da765cc3&scene=27#wechat_redirect,天天玩游戏，天天看广告。我表示不服，今天就拿我以前喜欢玩的一个游戏《小兵别嚣张》下手。,吾爱pojie,http://mmbiz.qpic.cn/sz_mmbiz_jpg/LFPriaSjBUZKQ9YNw8KDthLpqCuRoguNLUDNyTzNcuFWyiaMwSpsaJaQ1j7Jsia31iac67pjCMcD4zWke9iciaq1I6mw/0?wx_fmt=jpeg,https://www.52pojie.cn/thread-1473224-1-1.html,是,1,否,26277,32,109,37
2021-07-08,赛尔号：通信协议逆向与模拟&amp;中间人攻击窃取登录凭证,http://mp.weixin.qq.com/s?__biz=MjM5Mjc3MDM2Mw==&mid=2651136085&idx=1&sn=e366cd93f2c7ea3d99d0dac65fdec86e&chksm=bd50b0018a273917a7f38cd57ce6651a11b2eaee5ead1ce12bfd4e0ce3918ae928bd9da7322f&scene=27#wechat_redirect,很早之前就想写这篇文章了，但是碍于一直没有时间，只能作罢。没想到这学期刚好有信息内容安全这门课程，课设是开放式的，于是利用这个机会写成此文。,吾爱pojie,http://mmbiz.qpic.cn/sz_mmbiz_jpg/LFPriaSjBUZJa42XruwHA9L42nXA0NVXibQv9cpNynIwLK8ea30iafbsYRGoxZp7ORD93CToqGK8XfRP3tESpVpSQ/0?wx_fmt=jpeg,https://www.52pojie.cn/thread-1468888-1-1.html,是,1,否,39437,54,248,47
2021-07-06,【清理未活跃会员】清理2021年十三周年开放注册未活跃会员公告,http://mp.weixin.qq.com/s?__biz=MjM5Mjc3MDM2Mw==&mid=2651136029&idx=1&sn=4a66e20f3f52c9d883e47404208330c0&chksm=bd50b0498a27395fefb9b85d880fee486ee04dc9d14485fc65beab488705096a522e62346ea3&scene=27#wechat_redirect,2021年十三周年四小时注册58704人，为了保持论坛的活性，开放注册后就未激活会员共2041位，激活后发帖和回帖总计不超过2贴的会员40927名，注册一个月后就再也没有登录过的会员901名，全部清理，最后统计有效注册人数为14763名。,,http://mmbiz.qpic.cn/sz_mmbiz_jpg/LFPriaSjBUZLCicqIiamI8reuf2monvIcplqvKDyT6nHKdsLnNVXfMTKJzktPoL9BvWbypSO31hvmAPnKZAWQ0S1w/0?wx_fmt=jpeg,https://www.52pojie.cn/thread-1471456-1-1.html,否,1,否,59365,103,561,0
2021-06-30,【MacOS】SteerMouse5.5.6注册算法分析新增一处暗桩校验,http://mp.weixin.qq.com/s?__biz=MjM5Mjc3MDM2Mw==&mid=2651136027&idx=1&sn=0b0b6909df21b18bae960717ce3817ad&chksm=bd50b04f8a273959f2b39fab2e013630abb97f90a635183fc1a0c3034669c2739cae6d806771&scene=27#wechat_redirect,SteerMouse是款MacOS上关闭USB外接鼠标的加速度，滚轮加速度（这个USB外接也用触摸板的滚动加速度把我恶心坏了），修改鼠标前进返回键等功能，本想论坛找下注册码用用，无果就自己分析下算法看看能不能搞个注册码给大伙带点福利。,吾爱pojie,http://mmbiz.qpic.cn/sz_mmbiz_jpg/LFPriaSjBUZLdndYctNkSyicykbLWibyk0PIrb4K42WhV2bBKYCpiaX7n8mK1GIZbOz3iaFBw1cMDYH9cvwKARj9nKg/0?wx_fmt=jpeg,https://www.52pojie.cn/thread-1464030-1-1.html,是,1,否,19989,21,77,10
2021-06-28,【原创】机械键盘USB协议逆向和利用,http://mp.weixin.qq.com/s?__biz=MjM5Mjc3MDM2Mw==&mid=2651136000&idx=1&sn=a928664de4c570bdc03f6e143d1b8b42&chksm=bd50b0548a273942e93abdbf46290779c33624eccff9db4f492772b694cc3edf9b123068cc84&scene=27#wechat_redirect,Hello大家好，我应该有好久没在52发帖了吧，灌水除外。原因大概，近段时间都在搞（补习）硬件（模电）方面的东西，不涉及软件，逆向等。不过现在终于得住机会，能够有个擦边内容可以拟个帖子分享大家了。,吾爱pojie,http://mmbiz.qpic.cn/sz_mmbiz_jpg/LFPriaSjBUZJibyWvfXUkpvc10W97TgiagPich7lDfAiaVzweh7JiaW7ZNJwkiavsOLk0WDste3NuVSODsT6xDUnIzkibQ/0?wx_fmt=jpeg,https://www.52pojie.cn/thread-1455086-1-1.html,是,1,否,42018,83,410,87
2021-06-14,（图作者，@Ps出来的小赵）,http://mp.weixin.qq.com/s?__biz=MjM5Mjc3MDM2Mw==&mid=2651135978&idx=1&sn=eb9d04d74d136c962278a4dcea0389b5&chksm=bd508fbe8a2706a8ec3fac52b273661299ad25ca124a788b4d9f47ba401ca26a11b2714e175c&scene=27#wechat_redirect,（图作者，@Ps出来的小赵）,,http://mmbiz.qpic.cn/sz_mmbiz_jpg/LFPriaSjBUZLBkHwMhP9G57BArWOxcerPTewFGoPG9qxxEiab6KSuWE4KdPWuCPU9Qeo8licYJV1YTly8BqEiaRv5w/0?wx_fmt=jpeg,,否,1,否,23147,66,297,0
2021-06-04,【原创】InternetDownloadManager序列号算法逆向并编写注册机,http://mp.weixin.qq.com/s?__biz=MjM5Mjc3MDM2Mw==&mid=2651135976&idx=1&sn=4dd11257f4e90ac42389bbbc927e20ab&chksm=bd508fbc8a2706aacb2615c95efeaa03b88b9910db37f8e1e034677c1e9c2dd0559a61cdc8c7&scene=27#wechat_redirect,IDMversion，6.38Build23,吾爱pojie,http://mmbiz.qpic.cn/sz_mmbiz_jpg/LFPriaSjBUZIUuic5obQCu0TrD8GKp5fJ8Ale5MLAszjUtlUL6BiaBC6j0MsKwFnSLmqSPNjJ9rRzg0fxOFLlZhiaA/0?wx_fmt=jpeg,https://www.52pojie.cn/thread-1451438-1-1.html,是,1,否,34627,93,392,41
2021-06-03,【系统底层】逆向360hookport驱动学习,http://mp.weixin.qq.com/s?__biz=MjM5Mjc3MDM2Mw==&mid=2651135971&idx=1&sn=d7ee34199e88c7b7eba6d6953a9b525a&chksm=bd508fb78a2706a1ab6f3481b9a32805063ed4c7f94fb07d39f3d76e268f2ef8e5ead5ed171f&scene=27#wechat_redirect,360hookport驱动所实现的功能就是在不修改系统的SSDT表，ShadowSSDT表的情况下拦截一些重要的系统调用，并进行根据一定的过滤规则进行参数和返回值的检查，阻止一些不安全或危险的系统调用。,吾爱pojie,http://mmbiz.qpic.cn/sz_mmbiz_jpg/LFPriaSjBUZIUuic5obQCu0TrD8GKp5fJ8eibrNDFTKWZx4kUQwpXQeJGvT2FsWoZw4hMgcMtJcgADQCWrXIia4hrA/0?wx_fmt=jpeg,https://www.52pojie.cn/thread-1451677-1-1.html,是,1,否,12525,20,47,17
2021-06-02,【公告】精品软件区，终归来,http://mp.weixin.qq.com/s?__biz=MjM5Mjc3MDM2Mw==&mid=2651135949&idx=1&sn=9a9e382e86ca654c99d042d6d9e92119&chksm=bd508f998a27068f741d7dd0bd6672557971547aa63f29884d51138f6973b2c431615f4eb4fb&scene=27#wechat_redirect,技术一直是吾爱的立身之本，其他一切都是锦上添花，未来我们会更加专注于技术领域，加大对技术的交流和传播，继续策划更多更好的技术活动，为了论坛今后更加顺利的发展，我们需要走出这坚实一步。,吾爱pojie,http://mmbiz.qpic.cn/sz_mmbiz_jpg/LFPriaSjBUZJlqs5TEbePZgvtTaqaWtibSDdZ9ITwDPUETBkBMtINxtvYSHBzJcPZnKo2kWva8nNbGTEJpahmcSQ/0?wx_fmt=jpeg,https://www.52pojie.cn/thread-1451863-1-1.html,是,1,否,100001,182,903,94
2021-06-01,（图作者，@Ps出来的小赵）,http://mp.weixin.qq.com/s?__biz=MjM5Mjc3MDM2Mw==&mid=2651135945&idx=1&sn=2348e60e549b911384b9bae97d5198c9&chksm=bd508f9d8a27068bd143666e24b9c115f0d1f8d75b6071663925cda866cfde4a56f8cf3bcc8f&scene=27#wechat_redirect,（图作者，@Ps出来的小赵）,,https://mmbiz.qpic.cn/sz_mmbiz_jpg/LFPriaSjBUZIdk9tlQwZzdfhuOwCmN2lWk1licXnnGVNZY5DK7fu0dn4IofcmeBw86YH7XagiaHvYqLCcMNTc0t4Q/0?wx_fmt=jpeg,,否,1,否,22867,59,245,0
2021-05-28,从《黑客入侵21家企业勒索5.01个比特币，被判5-8年有期徒刑》说起,http://mp.weixin.qq.com/s?__biz=MjM5Mjc3MDM2Mw==&mid=2651135942&idx=1&sn=cf5facefbe730b83ec6889a33c6dc676&chksm=bd508f928a2706844c7d7572526af3bfa65d3bcae79c213738ebc424d2b8c9152a4a8803442d&scene=27#wechat_redirect,分享一篇论坛@ximo大神的文章，ximo大神深耕安全领域十多年，目前在某大型互联网公司任职高管，也是论坛多数人的入门导师，他制作的脱壳基础教程、VMProtect2.09破解版和Zeus--VMProtect分析及自动脱壳插件广为流传,,http://mmbiz.qpic.cn/mmbiz_jpg/veaGjr1UfpA2z3U0TVNpNlw8fGkIbIiaEU4585cT9Ww41rbhUmPRJ9wqqxuViclpFkiaYSYZTPxjt0yibdT1SWvQ5A/0?wx_fmt=jpeg,,否,1,否,35374,29,90,27
2021-05-26,【移动样本分析】多层Android锁机样本分析,http://mp.weixin.qq.com/s?__biz=MjM5Mjc3MDM2Mw==&mid=2651135940&idx=1&sn=b10f4fda325a46923fcb1acbcc2db51e&chksm=bd508f908a2706865bfe9778513fdd358e42729e96ce7a4944349678973ef73fcd31dbad3e3d&scene=27#wechat_redirect,一个多层Android锁机样本，样本来源于论坛病毒样本区，下面我们来一探究竟，,吾爱pojie,http://mmbiz.qpic.cn/sz_mmbiz_jpg/LFPriaSjBUZJMSHKY2NJtibtx7rvMMDW3VHg6x5ZGSAkphvbGGmNibt1iaGEPKl4lncOHV6Nq5GzmsBiaxCCU6Z6FfQ/0?wx_fmt=jpeg,https://www.52pojie.cn/thread-1446044-1-1.html,是,1,否,65915,63,307,57
2021-05-20,关于『精品软件区』关闭发帖回帖功能自查通知,http://mp.weixin.qq.com/s?__biz=MjM5Mjc3MDM2Mw==&mid=2651135916&idx=1&sn=6e2ae4feb3343069ba82f1877972c6b9&chksm=bd508ff88a2706eedb7d7ab29c11bf72547a5ad74c8962a04c8f5477376ff1e197157d86e124&scene=27#wechat_redirect,关于『精品软件区』关闭发帖回帖功能自查通知。,吾爱pojie,http://mmbiz.qpic.cn/sz_mmbiz_jpg/LFPriaSjBUZJxibzhZ62p8dUmugRKRArfkn7EShibbicd3IjgLiagsPhW4lHdSIxAjKWkcicyKdmn8BTwPwgtRB5ulPQ/0?wx_fmt=jpeg,https://www.52pojie.cn/thread-1444381-1-1.html,是,1,否,37178,72,332,89
2021-05-14,由于CDN厂商DNS故障，导致解析异常无法访问，从晚间20点开始，陆续出现症状，期间短暂恢复后又再次中断，厂商处理中，由于一天只能推送一次通知，如果恢复我们会在哔哩哔哩官方账号再次进行通知，地址：https，，，space.bilibili.com，544451485,http://mp.weixin.qq.com/s?__biz=MjM5Mjc3MDM2Mw==&mid=2651135911&idx=1&sn=58b254f447f77656625b9b033eb2ea03&chksm=bd508ff38a2706e57435c4820e6cec86aa18267a979748c449aaf9856f0ed1655da77b6d6ddd&scene=27#wechat_redirect,,,,,否,1,否,34823,46,184,0
2021-05-13,【Android原创】capstone2llvmir入门---如何把汇编转换为llvmir,http://mp.weixin.qq.com/s?__biz=MjM5Mjc3MDM2Mw==&mid=2651135910&idx=1&sn=89354eb93eafb2cb247cc4ffb8b06423&chksm=bd508ff28a2706e47f5eb021600cf343af8c7bb50915aef96a23ca63402352af1348e85fb8da&scene=27#wechat_redirect,本文简单分析介绍了capstone2llvmir源码与本地编译运行的方式，适合初步学习汇编转ir的原理并自己做简单修改，编译运行，做出自己的简易asm2llvmir小程序，有了llvmir，就可以优化、去混淆、干坏事了，详见本菜之前的文章。,吾爱pojie,http://mmbiz.qpic.cn/sz_mmbiz_jpg/LFPriaSjBUZL7MmtgZk0HGMMCDXt3M04GK6DTMLUuSfKTt9RM2aWFsV7BjqNXp7ibKlIRXl89SCpz1Vc0FztpHHg/0?wx_fmt=jpeg,https://www.52pojie.cn/thread-1436845-1-1.html,是,1,否,8268,15,33,10
2021-05-12,【CTF】[DC29Quals]Reverse-TiamatWriteUp,http://mp.weixin.qq.com/s?__biz=MjM5Mjc3MDM2Mw==&mid=2651135905&idx=1&sn=ea6c025a36b18148e1974066bff6184d&chksm=bd508ff58a2706e383dc9dd439db3e5cb439589144300cf11fd56e155f33586872a89d5210d8&scene=27#wechat_redirect,我将尽量以自己做题时的思考过程来组织本文，所以本文可能不适合阅读，知识点也会比较散碎的出现。,吾爱pojie,http://mmbiz.qpic.cn/sz_mmbiz_jpg/LFPriaSjBUZKMAVhpCboiaCCC1ZBrzG0HR6S4JgWuI9uP40dKVkEMb9IRZqj14nvNgwxSibXsByFEDTziaw8fQFqWA/0?wx_fmt=jpeg,https://www.52pojie.cn/thread-1437363-1-1.html,是,1,否,22547,43,61,16
2021-04-19,【漏洞分析】PCManFTPServer缓冲区溢出CVE-2013-4730漏洞分析,http://mp.weixin.qq.com/s?__biz=MjM5Mjc3MDM2Mw==&mid=2651135896&idx=1&sn=1ac67e54ff81ae5c5b5936bacb2593fc&chksm=bd508fcc8a2706daaeb0ed987fb4e5515a9b37190c1442580daf876290bd28a0a6f7407e42d0&scene=27#wechat_redirect,CManFTPServer用于打开ftp服务，用于上传文件和管理有线及无线设备的软件，一个简单的缓冲区溢出，分析这个漏洞主要熟悉一下用windbg进行栈回溯。,吾爱pojie,http://mmbiz.qpic.cn/sz_mmbiz_jpg/LFPriaSjBUZLTCDcuV2ftM5wKQ3fb3qQnAIbbUQNtxJ62xF2iaHMiaic7sQN0k5iaiae1U76NkuatskG8wALPE7W4sBQ/0?wx_fmt=jpeg,https://www.52pojie.cn/thread-1416459-1-1.html,是,1,否,12102,18,43,7
2021-04-18,【AndroidCTF】XCTF黑客精神—FridaRPC爆破,http://mp.weixin.qq.com/s?__biz=MjM5Mjc3MDM2Mw==&mid=2651135894&idx=1&sn=dc5dfac6111c85b2e21004f9b7da9bdd&chksm=bd508fc28a2706d4eed4e95eba8ece7469b97e4a83b8ccfb7a7da5f27d968a7e43af536db7e4&scene=27#wechat_redirect,wp可以分为两类，一类分析算法，另一类是爆破。此题采用的是异或算法，所以分析算法求flag是最快的。而爆破的话，可以重写成等价的代码，如C++、python，或者直接采用主动调用的方式进行爆破，如Frida的主动调用。,吾爱pojie,http://mmbiz.qpic.cn/sz_mmbiz_jpg/LFPriaSjBUZLTCDcuV2ftM5wKQ3fb3qQnmGg2ictH4BfJjfs1ClkWrptfz5Fyv2N17iaics5C6Q4sCcY4qZ36UKaJw/0?wx_fmt=jpeg,https://www.52pojie.cn/thread-1414060-1-1.html,是,1,否,13115,13,57,11
2021-04-17,【Android脱壳】DEX壳简单实现过程分析,http://mp.weixin.qq.com/s?__biz=MjM5Mjc3MDM2Mw==&mid=2651135892&idx=1&sn=345f8931ab2fa168cba81593f58a84ca&chksm=bd508fc08a2706d655327c790e07f5343fe2bc3d4940da888d8be25c506efc43b1d2b7deb243&scene=27#wechat_redirect,dex壳是比较基础的壳，只是将源APK加密后放入dex文件中，在运行时进行释放。我们只需要在壳程序解密出原始的APK运行后，在内存中把dexdump下来就可以了，我们也可以用frida框架进行脱壳。,吾爱pojie,http://mmbiz.qpic.cn/sz_mmbiz_jpg/LFPriaSjBUZLTCDcuV2ftM5wKQ3fb3qQnljIP1NdXTUtBZIHuruncZbpohNMMIEoU0AfgAWYUHrKdeXAY96Zlkg/0?wx_fmt=jpeg,https://www.52pojie.cn/thread-1408504-1-1.html,是,1,否,9572,12,34,11
2021-04-16,【CTF】MRCTF2021逆向题解,http://mp.weixin.qq.com/s?__biz=MjM5Mjc3MDM2Mw==&mid=2651135891&idx=1&sn=b4914c2894e8616e104c92a11832c3d4&chksm=bd508fc78a2706d192c55ec534f8235f9c193370ddc9b212f7443b1dbb5b37caaa3f5e1a31e5&scene=27#wechat_redirect,个人解题赛，AK了逆向题，总排名第5，还是不错，分享一下解题过程。,吾爱pojie,http://mmbiz.qpic.cn/sz_mmbiz_jpg/LFPriaSjBUZLTCDcuV2ftM5wKQ3fb3qQn062p4gbhoL6V6aCuiaCwdPexI4YH9A3sBApAlNdkASgFb5ACx1jRZow/0?wx_fmt=jpeg,https://www.52pojie.cn/thread-1417678-1-1.html,是,1,否,16531,21,74,8
2021-04-15,【Android原创】Android硬核https抓包，自定义ssl也无用,http://mp.weixin.qq.com/s?__biz=MjM5Mjc3MDM2Mw==&mid=2651135809&idx=1&sn=f0b516ecfbd81344ea2cf114be24ad28&chksm=bd508f158a2706036894bcff220a94cc4297c01e722e8e1a281e344212b0472f35e1b1ff499f&scene=27#wechat_redirect,意外发现的Android硬核https抓包，在多个app亲测ok，自定义ssl也无用哦。,吾爱pojie,http://mmbiz.qpic.cn/sz_mmbiz_jpg/LFPriaSjBUZLTCDcuV2ftM5wKQ3fb3qQnge0GXrJicAicNKdLHrbIibreshR1c64MsxogKK2MFXRYxhW7FCNoBiahJg/0?wx_fmt=jpeg,https://www.52pojie.cn/thread-1405917-1-1.html,是,1,否,29182,42,166,30
2021-04-14,【漏洞分析】CVE-2020-0601分析,http://mp.weixin.qq.com/s?__biz=MjM5Mjc3MDM2Mw==&mid=2651135799&idx=1&sn=6d80f380597b7431e48b2415d52acb77&chksm=bd508f638a2706759d1e69afc473924a2355a37576abbed2a17c994a2ec7a63ec2068c29020a&scene=27#wechat_redirect,大半年没发东西了，本着分享的原则，这次就把我博客的一篇文章分享下，也是一个陈年老洞了，这个CVE-2020-0601的利用方法主要有两种，文章最后介绍了一种，还有一种嘛，等兄弟们自己探索了。,吾爱pojie,http://mmbiz.qpic.cn/sz_mmbiz_jpg/LFPriaSjBUZLTCDcuV2ftM5wKQ3fb3qQnGcbicxofbm8VbgBzLPNiaBAO8Ih40Vs63VnUyjobDq48SI0MbBEbXAVg/0?wx_fmt=jpeg,https://www.52pojie.cn/thread-1416055-1-1.html,是,1,否,13792,20,46,16
2021-04-13,【系统底层】x64平台下inlinehook的原理、实现与防御,http://mp.weixin.qq.com/s?__biz=MjM5Mjc3MDM2Mw==&mid=2651135779&idx=1&sn=f983fea89ca4535392d0d39467712e70&chksm=bd508f778a2706618f9ba24dd4da11543af485eca9752465ff28dc3c6039a51fc3d4ff1f1d6e&scene=27#wechat_redirect,inlinehook是一项改变函数调用控制流的技术。与传统的PLT(或IAT)表劫持，库打桩等技术不同，inlinehook会修改函数本身来进行函数的hook。inlinehook较PLT劫持更复杂，但不会受到PLT劫持技术的诸多限制,吾爱pojie,http://mmbiz.qpic.cn/sz_mmbiz_jpg/LFPriaSjBUZJBUGiam3Z5qbJu1T3ez525EjEcsicyGW8nOmJZ6dPpnUHpZKLK2aTjmiaNy7VxYjXEEDX7k5LTSsTvw/0?wx_fmt=jpeg,https://www.52pojie.cn/thread-1404054-1-1.html,是,1,否,10434,17,72,25
2021-04-12,【原创】2021腾讯游戏安全技术复赛pc客户端安全wp,http://mp.weixin.qq.com/s?__biz=MjM5Mjc3MDM2Mw==&mid=2651135758&idx=1&sn=ba0001c76b9a47e0589ff8e575a1ee11&chksm=bd508f5a8a27064c5e75db64ce7551bbc1ad98e7b773f7c46537a9f1a4610931c50e1c71ffbb&scene=27#wechat_redirect,shootgame是一个游戏，hack.exe是游戏shootergame的一个外挂程序，运行游戏，运行hack.exe，成功执行外挂功能并分析外挂实现过程，实现一个与hack.exe的功能相同的，但是游戏逻辑原理不同的外挂程序。,吾爱pojie,http://mmbiz.qpic.cn/sz_mmbiz_jpg/LFPriaSjBUZJBUGiam3Z5qbJu1T3ez525ElicEcYKvxK7exCjVdic9VibGFOx7zASuh2RnfNtyZGg74M2jtXd2ticvtw/0?wx_fmt=jpeg,https://www.52pojie.cn/thread-1415867-1-1.html,是,1,否,33709,90,272,57
2021-03-26,【Android原创】so文件动态加解密的CrackMe,http://mp.weixin.qq.com/s?__biz=MjM5Mjc3MDM2Mw==&mid=2651135723&idx=1&sn=e7e2593e6aa9d896fdce1d2cab0875f6&chksm=bd508ebf8a2707a91eaf78c4b6184ee13abe0af9f295b48b269e4bc6ba0bf6ac9e46d55638c4&scene=27#wechat_redirect,一道so文件动态加解密的CrackMe，运行时解密要执行的函数，且在执行后立马加密。CrackMe：dex文件加的数字壳，so文件无壳，因为反调试，所以so文件采用全静态分析。,吾爱pojie,http://mmbiz.qpic.cn/sz_mmbiz_jpg/LFPriaSjBUZJ8EolKY5S9xGW3cPQTqD6daStfTQwiabicfzZw2gEz7UDgStHUA7hjUs0kicTrbjHH4gXWC7eMsxt0w/0?wx_fmt=jpeg,https://www.52pojie.cn/thread-1396626-1-1.html,是,1,否,13797,17,45,16
2021-03-25,【漏洞分析】从零开始pwn掉一台古董路由器,http://mp.weixin.qq.com/s?__biz=MjM5Mjc3MDM2Mw==&mid=2651135700&idx=1&sn=ae113a5cc0792d7cbb88d87ee3e9aa27&chksm=bd508e808a27079683d9bf77c65d8d84d6ac6b174d6ef739c83a98751f9b80ce7c153d16cdd9&scene=27#wechat_redirect,最近准备高考实在无聊，于是突然想把卧室里一个网桥路由器pwn掉。主要为了把他面板上的指示灯关掉（这玩意已经造成了了严重的光污染）。大概搜索了一下发现没有任何已发布的这个路由的提权漏洞，所以只能自己搞了。,吾爱pojie,http://mmbiz.qpic.cn/sz_mmbiz_jpg/LFPriaSjBUZLcbOWmlqyKibQB4EvHoTxyT7SZqLTLVVD36VYrwKxzGR9D0wTbFLWoibtGqtKN6e2sOyx9DD9hlv0Q/0?wx_fmt=jpeg,https://www.52pojie.cn/thread-1400371-1-1.html,是,1,否,22063,45,192,58
2021-03-23,【原创】浅谈网络摄像头分析,http://mp.weixin.qq.com/s?__biz=MjM5Mjc3MDM2Mw==&mid=2651135675&idx=1&sn=1f45846e3faba532cf4f5538d179f61b&chksm=bd508eef8a2707f929e04f50dd7b794fc8d2552f94576bc8f26ef39328f5af49ca3f04c47c96&scene=27#wechat_redirect,某宝买了两款热销网络视频监视器，一款一百多元，一款上千块，拆下来看了下主板，大体模块是一样的，有wifi模块和一个SOCSD口。查看丝柔并没查到CPU信息，猜测价格差距这么大应该是Soc集成的cpu不同。,吾爱pojie,http://mmbiz.qpic.cn/sz_mmbiz_jpg/LFPriaSjBUZIM78mriaRSppccMUy5n7MhQCV1wPvNN2Xl2ZygGPQiaX8bfv9uDTlnTgs28UhVKtFp6qVET7Q2VhQw/0?wx_fmt=jpeg,https://www.52pojie.cn/thread-1396394-1-1.html,是,1,否,51346,60,281,55
2021-03-20,【JS版】给52网站版抓猫游戏也开天劫,http://mp.weixin.qq.com/s?__biz=MjM5Mjc3MDM2Mw==&mid=2651135653&idx=1&sn=ab8f14f118aa7d6efd06d7a448782171&chksm=bd508ef18a2707e76005e2094c9b761a3b83ea98f6fabe583f522f46300adcc15874eb3d0765&scene=27#wechat_redirect,上个帖子没想到火了，应部分同学要求，调试一下52网站上的原版，赶紧上网学习了网页的js调试，给原版也开个天劫。,吾爱pojie,http://mmbiz.qpic.cn/sz_mmbiz_jpg/LFPriaSjBUZIg0ooa0bMNcGGD9tuWOEKSmHN7wQORTYG3jjdKAnmgGbhnmDSmf6k0DhMLZch37jcoGuLfv2IyNw/0?wx_fmt=jpeg,https://www.52pojie.cn/thread-1394509-1-1.html,是,1,否,37077,50,179,59
2021-03-19,MacOS-微信逆向分析,http://mp.weixin.qq.com/s?__biz=MjM5Mjc3MDM2Mw==&mid=2651135637&idx=1&sn=30c47faba5500284adc86d83b64a3f5a&chksm=bd508ec18a2707d7b9801e172c591859991799aea8f50ef100aeafc2639ea43aebb859ac0c48&scene=27#wechat_redirect,PC下的微信二次开发相信大家都会了，那么本篇文章将带领大家使用Frida框架对Mac下微信来进行二次开发！,吾爱pojie,http://mmbiz.qpic.cn/sz_mmbiz_jpg/LFPriaSjBUZJ9UI3UCeAOynibsocnt2bibg8V2gs6elbMh88ClTSWv6r7nK2owxE9MIKyvXiax04cKicQFbMCzr4Gfg/0?wx_fmt=jpeg,https://www.52pojie.cn/thread-1371275-1-1.html,是,1,否,30228,55,287,31
2021-03-18,手把手教你玩转macOSCrackMe破解五步走,http://mp.weixin.qq.com/s?__biz=MjM5Mjc3MDM2Mw==&mid=2651135628&idx=1&sn=7eae43e619c5891497bb122c54de3193&chksm=bd508ed88a2707ce538d18e1898cc492b6f15a19a17b71ed79d7c4b914952bd992f2569f149c&scene=27#wechat_redirect,本文所破解的CrackMe出自国外MSJ论坛的竞赛题目，这个app我已经打开并逆向过，确认没有病毒，如果你还不放心可以拉到虚拟机里，我看也没有多少人破解，macOSCM也挺少的，就拿来分析一下。,吾爱pojie,http://mmbiz.qpic.cn/sz_mmbiz_jpg/LFPriaSjBUZJ9UI3UCeAOynibsocnt2bibgRe3vudWW59icRlskWu9EASxUq9VssMnOugyMLvmtQAcic5wKfMtOEaYg/0?wx_fmt=jpeg,https://www.52pojie.cn/thread-1372133-1-1.html,是,1,否,30849,32,106,27
2021-03-17,【游戏安全】给抓猫游戏开天劫,http://mp.weixin.qq.com/s?__biz=MjM5Mjc3MDM2Mw==&mid=2651135619&idx=1&sn=8eff5a875866c4ddc9c00aed5b4a5b5a&chksm=bd508ed78a2707c1d8d61bda30feb3a29b09e5544e3cc39f372499fb24cc494851d8a33b2db6&scene=27#wechat_redirect,前几天看到的帖子，抓猫游戏，已经有人到4步了！这个游戏，需要一些技巧，更要看运气，而我的运气一向不好，但我不服，而且我有实力，在真正的实力面前，一切花招和运气都是浮云！,吾爱pojie,http://mmbiz.qpic.cn/sz_mmbiz_jpg/LFPriaSjBUZLWHOy5I7yibbPHqDx5sdSxGy8BREGCWMRFJqgArAG5vYppNG0S7uUehKFDqGOcacXFqjU24yMG3LQ/0?wx_fmt=jpeg,https://www.52pojie.cn/thread-1391583-1-1.html,是,1,否,54222,71,338,83
2021-03-16,【PC样本分析】记录最近与挖矿病毒的斗智斗勇（二）,http://mp.weixin.qq.com/s?__biz=MjM5Mjc3MDM2Mw==&mid=2651135608&idx=1&sn=e47dcfa557873289101fdc3c3040ec5b&chksm=bd508e2c8a27073a42a530cc10ff0162241fedb90d66dfb140558c3f0d97ca7e91f31c37e813&scene=27#wechat_redirect,上一篇文章火了是我没想到的，感谢大家的鼓励，原来不少人都深受这个东西的困扰，近一个星期也在琢磨写点什么好，恰好蜜罐又报警了，于是题材来了。这个机器不是实验室的集群，但是经过一些方法（方法不能说-_-）知道了该机器的ssh用户名和口令。,吾爱pojie,http://mmbiz.qpic.cn/sz_mmbiz_jpg/LFPriaSjBUZLWHOy5I7yibbPHqDx5sdSxGu2Mq1OXOSEZ6OLurgny90e0bmjwiaq290ACdAeaavZ2mNVB5Lnj1TfA/0?wx_fmt=jpeg,https://www.52pojie.cn/thread-1392341-1-1.html,是,1,否,22785,38,118,17
2021-03-14,吾爱破解论坛精华集2020,http://mp.weixin.qq.com/s?__biz=MjM5Mjc3MDM2Mw==&mid=2651135585&idx=1&sn=332ba5f5e5092fd4ab85e87e65f88f3e&chksm=bd508e358a2707238593ea7cb4fae64c665076c243b8268de7a3660d8c658860582b8b983ccc&scene=27#wechat_redirect,弹指一挥间，吾爱破解论坛迎来了13岁的生日。纵观2020，论坛收到了来自119位同学发布的共计166篇优秀、精华帖（精华帖78篇），在这里向你们表示衷心感谢，你们的优秀文章为保卫计算机网络安全做出了重要贡献，吾爱破解因你们而精彩！,吾爱pojie,http://mmbiz.qpic.cn/sz_mmbiz_jpg/LFPriaSjBUZIukqSCI2ib7HntwjB9Dz6ShwyaZiaekURxYWGCk3kFz8siaTtgIVL9VKjCu1zPn0JpQECwmTcoDiaDxw/0?wx_fmt=jpeg,https://www.52pojie.cn/thread-1389999-1-1.html,是,1,否,55910,116,475,100
2021-03-13,【开放注册公告】吾爱破解论坛2021年3月13日十三周年开放注册公告即将开始12：00--14：00和20：00--22：00，赶不上的定个晚间闹钟吧，新信息会在微博继续发布，推荐使用电脑注册，可以使用论坛的诊断修复工具修复一次，方便提前解决注册中可能会遇到的问题，如果修复后还是不行建议尽快更换设备尝试，注册页面会强制10分钟来阅读注册须知，须知中包括了你注册现在和未来可能会遇到的问题，请仔细阅读，否则可能无法注册成功或注册后被清理，开放注册期间暂停下载论坛附件功能、默认搜索功能、首页五格功能、论坛帖子排序、签到任务、技术新贴、QQ登录绑定等功能请各位知晓，我在论坛等待大家光临。,http://mp.weixin.qq.com/s?__biz=MjM5Mjc3MDM2Mw==&mid=2651135576&idx=1&sn=d02290e74a16f5e64deb6b759f64ce44&chksm=bd508e0c8a27071ad49d77945b145baaba85e509eaf609e1233f22d16318d2cf658df6a4b13d&scene=27#wechat_redirect,,,,,否,1,否,30545,143,494,0
2021-03-12,十三周年开放注册微信抽奖活动，再送40个账号注册码或300论坛币，今天下午两点开奖，详见：【开放注册公告】吾爱破解论坛2021年3月13日十三周年开放注册公告,http://mp.weixin.qq.com/s?__biz=MjM5Mjc3MDM2Mw==&mid=2651135574&idx=1&sn=d32a7de2cb28d9339100799b37687144&chksm=bd508e028a270714795d1b413c1cd5a58a23ce724f05eced0703347190df4e287c92e671ae5c&scene=27#wechat_redirect,,,,,否,1,否,20087,31,117,0
2021-03-11,十三周年开放注册微信抽奖活动，再送40个账号注册码或300论坛币，周五下午两点开奖，详见：【开放注册公告】吾爱破解论坛2021年3月13日十三周年开放注册公告,http://mp.weixin.qq.com/s?__biz=MjM5Mjc3MDM2Mw==&mid=2651135572&idx=1&sn=5d26f9da28d635ecfa9d607990ed797e&chksm=bd508e008a270716a77c46b973906e1dbbf4dd5c3ae9dd240c13bf4fff51caa87d7b74c2bfb2&scene=27#wechat_redirect,,,,,否,1,否,19166,29,140,0
2021-03-10,【PC样本分析】记录最近与挖矿病毒的斗智斗勇,http://mp.weixin.qq.com/s?__biz=MjM5Mjc3MDM2Mw==&mid=2651135570&idx=1&sn=675f839f9cb5b6e4302bcc623daa8a8b&chksm=bd508e068a27071035ffb174cc4a7394fff83352b01e35a083c16d7fb67ace0f1275ac643d95&scene=27#wechat_redirect,学生一枚，马上毕业，空闲时间在校园网内部的服务器上部署了一些蜜罐，发现很多好玩的东西，先记录一篇。,吾爱pojie,http://mmbiz.qpic.cn/sz_mmbiz_jpg/LFPriaSjBUZL9ibLPxf3jpNVyJNXuszCibeJBmIruRgalc8o85JbgNaD76wVASuHib2gHMA2nCTUPxFAk9F4xCADrA/0?wx_fmt=jpeg,https://www.52pojie.cn/thread-1385451-1-1.html,是,1,否,29691,57,187,32
2021-03-09,【开放注册公告】吾爱破解论坛2021年3月13日十三周年开放注册公告,http://mp.weixin.qq.com/s?__biz=MjM5Mjc3MDM2Mw==&mid=2651135552&idx=1&sn=360b32dea1e046cc5ef196695a7f8fca&chksm=bd508e148a270702bb9d67951a94f4c236a2a6d02372f0c23c8615927badf529332b875fe76a&scene=27#wechat_redirect,内有福利，再送40个账号注册码或300论坛币，吾爱破解论坛开放注册时间如下2021年3月13日12：00--14：00和20：00--22：00，赶紧上好闹钟顺便告诉小伙伴吧。,,http://mmbiz.qpic.cn/sz_mmbiz_jpg/LFPriaSjBUZJSo2s9ldWeicXy4AiavbgQvd9uPejl8KGWgpKibsiaz5l4HDTPDeEL8QYE1RdSwRuibg7xqsMxwuLxSNw/0?wx_fmt=jpeg,https://www.52pojie.cn/thread-1382288-1-1.html,否,1,否,100001,132,307,100
2021-03-05,十三周年开放注册微信抽奖活动，先送20个账号注册码或300论坛币，下午两点开奖，详见：【开放注册公告】吾爱破解论坛2021年3月13日十三周年开放注册公告,http://mp.weixin.qq.com/s?__biz=MjM5Mjc3MDM2Mw==&mid=2651135546&idx=1&sn=47b4ce3eb3154d837d3d3da5dc21b039&chksm=bd508e6e8a27077859886f1979a0c4c16498a5cfef00432fec72150ae64932ec249f562064d3&scene=27#wechat_redirect,,,,,否,1,否,23861,55,230,0
2021-03-04,【2021春节】解题领红包之番外篇分析,http://mp.weixin.qq.com/s?__biz=MjM5Mjc3MDM2Mw==&mid=2651135544&idx=1&sn=d3da50c3e16ab45be6d1c1ee0dd697f8&chksm=bd508e6c8a27077aef327a9d55becf8fc22f16afa1e68548c8b4d54669dffa053099d1b4472b&scene=27#wechat_redirect,【2021春节】解题领红包之番外篇JS逆向题分析。,吾爱pojie,http://mmbiz.qpic.cn/sz_mmbiz_jpg/LFPriaSjBUZIICg7JfelAOayRzibzJe0dJnG2nxKE4YYibIj1NSxDcpaBia5MFCM8roYWVwwJbenFkNBQ5929RaEUw/0?wx_fmt=jpeg,https://www.52pojie.cn/thread-1378708-1-1.html,是,1,否,21531,20,100,30
2021-03-03,【开放注册公告】吾爱破解论坛2021年3月13日十三周年开放注册公告,http://mp.weixin.qq.com/s?__biz=MjM5Mjc3MDM2Mw==&mid=2651135537&idx=1&sn=12884151d376d4ed91ceb32f954b6dd5&chksm=bd508e658a270773dcfca397971662367d10de64f6bd42c54532660e5865cb639ebfd50449c7&scene=27#wechat_redirect,内有福利，先送20个账号注册码或300论坛币，吾爱破解论坛开放注册时间如下2021年3月13日12：00--14：00和20：00--22：00，赶紧上好闹钟顺便告诉小伙伴吧。,,http://mmbiz.qpic.cn/sz_mmbiz_jpg/LFPriaSjBUZJSo2s9ldWeicXy4AiavbgQvd9uPejl8KGWgpKibsiaz5l4HDTPDeEL8QYE1RdSwRuibg7xqsMxwuLxSNw/0?wx_fmt=jpeg,https://www.52pojie.cn/thread-1382288-1-1.html,否,1,否,100001,166,573,98
2021-03-02,【2021春节】解题领红包之三{Android中级题},http://mp.weixin.qq.com/s?__biz=MjM5Mjc3MDM2Mw==&mid=2651135535&idx=2&sn=708fe6c14f4bfdd641dbf9a647d69936&chksm=bd508e7b8a27076dbe4f28c55d2a43d72e3a532f6c021d4bdd063107cabb45417f73f0f98ad8&scene=27#wechat_redirect,【2021春节】解题领红包之三安卓中级题解法二。,吾爱pojie,http://mmbiz.qpic.cn/sz_mmbiz_jpg/LFPriaSjBUZJTibibw28ic2DrbYUibtwtCfCMlju6LofZnUczibgF20tpbG7ab8GtZt3RNeuibR3JBywiaDk2eSgMQia06g/0?wx_fmt=jpeg,https://www.52pojie.cn/thread-1371527-1-1.html,是,2,否,4442,5,15,2
2021-03-02,【2021春节】安卓中级题逆向总结,http://mp.weixin.qq.com/s?__biz=MjM5Mjc3MDM2Mw==&mid=2651135535&idx=1&sn=578292e2ae173173a2103b07e274de85&chksm=bd508e7b8a27076db4bb92b363456022a521b72da95e743f97cd941145bdeb67e450379126c1&scene=27#wechat_redirect,【2021春节】解题领红包之三安卓中级题解法一。,吾爱pojie,http://mmbiz.qpic.cn/sz_mmbiz_jpg/LFPriaSjBUZJTibibw28ic2DrbYUibtwtCfCMFXKBRIcEGnfsEstXxOkyh191cpCBlLicoIkf3X3HeYagibicBP4aAM1rA/0?wx_fmt=jpeg,https://www.52pojie.cn/thread-1378761-1-1.html,是,1,否,10791,9,30,14
2021-03-01,【2021春节】Windows初级题WP及Ponce插件简单使用,http://mp.weixin.qq.com/s?__biz=MjM5Mjc3MDM2Mw==&mid=2651135522&idx=2&sn=08a5571f0d55240c8c3c4a0ae5beedb7&chksm=bd508e768a2707605ec80d751e9b1add5cd968ac16b4b8882082c4f47f213816224f65a5dc80&scene=27#wechat_redirect,【2021春节】解题领红包之Windows初级题解题方法二。,吾爱pojie,http://mmbiz.qpic.cn/sz_mmbiz_jpg/LFPriaSjBUZKRxcK1iaianDvcs013rzPucCarx910X5c6ickv1hahd1VcXxJSAeV46aDFgk73Qtah02h2ibSM7RicaBg/0?wx_fmt=jpeg,https://www.52pojie.cn/thread-1379018-1-1.html,是,2,否,5124,5,17,2
2021-03-01,【2021春节】window逆向初级--零基础小白解法,http://mp.weixin.qq.com/s?__biz=MjM5Mjc3MDM2Mw==&mid=2651135522&idx=3&sn=35451f8b67b9bd4bd76a154e9466a60b&chksm=bd508e768a2707609de240464722f16858d987b27a02c41e924578320a88f7f2c8f795acf8ee&scene=27#wechat_redirect,【2021春节】解题领红包之Windows初级题解题方法三。,吾爱pojie,http://mmbiz.qpic.cn/sz_mmbiz_jpg/LFPriaSjBUZKRxcK1iaianDvcs013rzPucC0Ly9Q4xV2oyHXt2kR9fnlEFNdunxtiaGY0Y7qbTIHicKCwNGBQQyZXKQ/0?wx_fmt=jpeg,https://www.52pojie.cn/thread-1379044-1-1.html,是,3,否,6078,9,37,7
2021-03-01,【2021春节】CrackMe瞎猫碰死耗子,http://mp.weixin.qq.com/s?__biz=MjM5Mjc3MDM2Mw==&mid=2651135522&idx=1&sn=fa840f97d1b9b225960fd98b193ed66c&chksm=bd508e768a270760e5aaa15babbf6ccb8d213012a144af104e6c5292c8e95b3a43f82820005b&scene=27#wechat_redirect,【2021春节】解题领红包之Windows初级题解题方法一。,吾爱pojie,http://mmbiz.qpic.cn/sz_mmbiz_jpg/LFPriaSjBUZKRxcK1iaianDvcs013rzPucCESRjdMlOUsSWjzgzS4iaibhG8xG8rYyFDDruPRtcfSXs14TqviaYIFEibg/0?wx_fmt=jpeg,https://www.52pojie.cn/thread-1378809-1-1.html,是,1,否,23955,27,95,29
2021-02-28,【清理未活跃会员】清理2020年光棍节开放注册未活跃会员公告,http://mp.weixin.qq.com/s?__biz=MjM5Mjc3MDM2Mw==&mid=2651135486&idx=1&sn=71f166e3d8fd70e677419263192d4083&chksm=bd508daa8a2704bcdc130aaf7c61546b5d1772406b1539c645ce9a7b07ca81a85612f93f4b58&scene=27#wechat_redirect,2020年光棍节四小时注册54542人，为了保持论坛的活性，开放注册后就未激活会员共1868位，激活后发帖和回帖总计不超过2贴的会员34973名，注册一个月后就再也没有登录过的会员1001名，全部清理，最后统计有效注册人数为16572名。,,http://mmbiz.qpic.cn/sz_mmbiz_jpg/LFPriaSjBUZLCicqIiamI8reuf2monvIcplqvKDyT6nHKdsLnNVXfMTKJzktPoL9BvWbypSO31hvmAPnKZAWQ0S1w/0?wx_fmt=jpeg,https://www.52pojie.cn/thread-1379413-1-1.html,否,1,否,63948,64,240,98
2021-02-26,（图作者，@Ps出来的小赵）,http://mp.weixin.qq.com/s?__biz=MjM5Mjc3MDM2Mw==&mid=2651135480&idx=1&sn=99ceee5f6f4ced9fb40414affcf4da63&chksm=bd508dac8a2704ba7473b4614565cd58ded138efe4556fe5f1e22e1610de584266c66a651a72&scene=27#wechat_redirect,（图作者，@Ps出来的小赵）,,http://mmbiz.qpic.cn/sz_mmbiz_jpg/LFPriaSjBUZJKQHv8RmaT9k91XwEnibJwFb9h7JjWSQNico3ccMmvzhPlWECDysa45iaDGzR6QZm4tT0bRWSIXQEqQ/0?wx_fmt=jpeg,,否,1,否,18976,61,240,0
2021-02-25,【2021春节】解题领红包活动排行榜（更新）,http://mp.weixin.qq.com/s?__biz=MjM5Mjc3MDM2Mw==&mid=2651135478&idx=1&sn=e6ccc9317fdf6d700b4900e4dcc4cc7d&chksm=bd508da28a2704b4856c625b4ca9e322cdc4f3e462aeacced605e61557caba468f22934d2915&scene=27#wechat_redirect,【2021春节】解题领红包活动排行榜，快来参加领论坛币。,吾爱pojie,http://mmbiz.qpic.cn/sz_mmbiz_jpg/LFPriaSjBUZJhpECQCeK0DNZ6mlN7Rib30RO2vghGw1R2Te4bOHq3MHLSKZB3bmBJviaex59uMHaGv86T0YBlIY7g/0?wx_fmt=jpeg,https://www.52pojie.cn/thread-1369661-1-1.html,是,1,否,14740,17,54,18
2021-02-14,【2021春节】解题领红包活动排行榜,http://mp.weixin.qq.com/s?__biz=MjM5Mjc3MDM2Mw==&mid=2651135477&idx=1&sn=344a04468df2da220e91d8445d3d7596&chksm=bd508da18a2704b7433644a748aa6bc9ea7aa149a256ce5b9181f40c521b1c2cb4733537e808&scene=27#wechat_redirect,【2021春节】解题领红包活动排行榜，快来参加领论坛币。,吾爱pojie,http://mmbiz.qpic.cn/sz_mmbiz_jpg/LFPriaSjBUZJhpECQCeK0DNZ6mlN7Rib30RO2vghGw1R2Te4bOHq3MHLSKZB3bmBJviaex59uMHaGv86T0YBlIY7g/0?wx_fmt=jpeg,https://www.52pojie.cn/thread-1369661-1-1.html,是,1,否,19090,21,66,25
2021-02-13,【春节】解题领红包之逆向高级题、JS初级题和JS逆向中级题已上线，快来玩吧。https，，，www.52pojie.cn，thread-1369661-1-1.html,http://mp.weixin.qq.com/s?__biz=MjM5Mjc3MDM2Mw==&mid=2651135473&idx=1&sn=0f552e02da48c0a144142e27788fe1aa&chksm=bd508da58a2704b3cb32cb26387bec938bed938df8625a8f50858086a2dd6831b559d1cb75c7&scene=27#wechat_redirect,,,,,否,1,否,18432,47,105,0
2021-02-12,（图作者，@Ps出来的小赵）,http://mp.weixin.qq.com/s?__biz=MjM5Mjc3MDM2Mw==&mid=2651135472&idx=1&sn=e395eefe7fa268106cf807379ce385de&chksm=bd508da48a2704b2e11a8d6429427dc248ba48398c8ac9c3f884542d2a4b993e696fc493de44&scene=27#wechat_redirect,（图作者，@Ps出来的小赵）,,https://mmbiz.qpic.cn/sz_mmbiz_jpg/LFPriaSjBUZIXVsscHBrV7rFCvAjSDo1drLdzFIlibYWxRybBIbpHkZRiabxvzCgOibZsMicqwrvDRbAdZg8LF26ppQ/0?wx_fmt=jpeg,,否,1,否,25935,85,333,0
2021-02-11,【2021春节】解题领红包活动开始喽，解出就送论坛币！,http://mp.weixin.qq.com/s?__biz=MjM5Mjc3MDM2Mw==&mid=2651135470&idx=1&sn=42bd29f6eb787e0817395bbf3f434dca&chksm=bd508dba8a2704ac6afb36a3fae3a0006a75d885697c5cad158418ac735e8758caed71587ea6&scene=27#wechat_redirect,吾爱破解论坛祝福全体坛友新年快乐、万事如意。,吾爱pojie,http://mmbiz.qpic.cn/sz_mmbiz_jpg/LFPriaSjBUZLIjIfnnRibvNwfiaBaRstbfX2KmdF0L1Yo8d4xwgUbPibISe7tOujV2lk0R34COCqfSstImJjybljhg/0?wx_fmt=jpeg,https://www.52pojie.cn/thread-1369661-1-1.html,是,1,否,17345,30,90,26
2021-02-10,【公告】感动吾爱2020优秀会员名单公布,http://mp.weixin.qq.com/s?__biz=MjM5Mjc3MDM2Mw==&mid=2651135461&idx=1&sn=4d237beb91e46ddb814c395dc7e0399f&chksm=bd508db18a2704a7b8adedc339a135de0d704ebc238fd3f75a8bea1f4950e655ac96151742e5&scene=27#wechat_redirect,经过紧张有序的推荐、投票，感动吾爱2020优秀会员名单（按精华数及最终投票得票数排序）出炉了！,吾爱pojie,http://mmbiz.qpic.cn/sz_mmbiz_jpg/LFPriaSjBUZIXVsscHBrV7rFCvAjSDo1d78U8x8ysZVAHRjwV4fcEFrmuswWc6rDy27vKkK92BTUonARLGW41AQ/0?wx_fmt=jpeg,https://www.52pojie.cn/thread-1369280-1-1.html,是,1,否,28979,67,312,64
2021-02-08,‍【2021春节】解题领红包活动很快就要上线啦，今年题目涵盖WindowsCrackMe、AndroidCrackMe、Pwn、JS，旨在引导大家进入解密的世界，顺便给大家送出祝福，尽情期待。‍，，另外距离2020优秀会员评选投票距离结束还有最后7小时，第一次各位大佬的命运被你抓在手中，任你掌控，还不赶紧来投票决定一下大佬的命运？【会员投票】感动吾爱2020投票贴(2021.02.02-02.08),http://mp.weixin.qq.com/s?__biz=MjM5Mjc3MDM2Mw==&mid=2651135457&idx=1&sn=3dfa7cea9ac71471fc64153cb19d8537&chksm=bd508db58a2704a3f1fbbb7ef4c17538be10d7b9b5a3b2392670d22690626f26f1b11f3b30ed&scene=27#wechat_redirect,,,,,否,1,否,15572,29,75,0
2021-02-07,2020优秀会员评选投票距离结束还有最后两天，抓紧时间了快来投票啦【会员投票】感动吾爱2020投票贴(2021.02.02-02.08)。，，预告：【2021春节】解题领红包活动即将于大年三十正式上线，尽情期待！,http://mp.weixin.qq.com/s?__biz=MjM5Mjc3MDM2Mw==&mid=2651135455&idx=1&sn=1f4762697a388f289da966d6bc99204e&chksm=bd508d8b8a27049de4557d76f46a048a6bbc79b761c0c7bd4fc27382c4abfc20a5c7dbd6ca36&scene=27#wechat_redirect,,,,,否,1,否,4283,16,36,0
2021-02-02,【会员投票】感动吾爱2020投票贴(2021.02.02-02.08),http://mp.weixin.qq.com/s?__biz=MjM5Mjc3MDM2Mw==&mid=2651135453&idx=1&sn=3889b0cc5f08d98bf47b3913679d0eda&chksm=bd508d898a27049fcb0b7c44e4887dac8c50da7274934afc1bd26d720c95f2ed449ee62ab2ba&scene=27#wechat_redirect,Hello，各位同学提前祝你们新年快乐，感动吾爱2020优秀会员评选最后一个阶段，会员投票开始啦。,吾爱pojie,http://mmbiz.qpic.cn/sz_mmbiz_jpg/LFPriaSjBUZKGn8PJHFHmIVNbNaVm6oD9DczovGxeqKJadEeibCsz87YGE4mmKzgjOZMggrickVLicHwTALMX6tCGw/0?wx_fmt=jpeg,https://www.52pojie.cn/thread-1364553-1-1.html,是,1,否,23252,53,172,67
2021-01-31,【活动】感动吾爱2020优秀会员第一阶段会员推荐最后一天，快来推荐你觉得最优秀的会员吧https，，，www.52pojie.cn，thread-1358624-1-1.html（需要登录后访问）,http://mp.weixin.qq.com/s?__biz=MjM5Mjc3MDM2Mw==&mid=2651135447&idx=1&sn=cba2052ac775864a63377e57aa767ac8&chksm=bd508d838a270495629424942366edbdaa7084b3e1e44f0e6270a3226e7b869552b5e4a79fdd&scene=27#wechat_redirect,,,,,否,1,否,16925,23,92,0
2021-01-25,【活动】感动吾爱2020优秀会员评选活动,http://mp.weixin.qq.com/s?__biz=MjM5Mjc3MDM2Mw==&mid=2651135444&idx=1&sn=8a170a878d08359550eece3c6cf66d77&chksm=bd508d808a2704968dfd4c8d1c8abbb4dcd54fddaac60619fedea207c1abce041597a25b6f33&scene=27#wechat_redirect,亲们，又到了岁末年初更替之际，今年都有谁让我们最感动，让我们值得为他点个赞呢。为答谢广大会员一直以来对吾爱破解论坛的厚爱，我们将在全论坛范围内举办感动吾爱2020优秀会员评选活动。,吾爱pojie,http://mmbiz.qpic.cn/sz_mmbiz_jpg/LFPriaSjBUZLooibZH9PRDLfG73QhpK0yejwcqqBQy4r4XpU6uQ8L9ENXRUXLw7VFsY4k6nHszqVic4MZo8tIvIkA/0?wx_fmt=jpeg,https://www.52pojie.cn/thread-1358622-1-1.html,是,1,否,31874,69,258,71
2021-01-22,【权威发布】吾爱破解论坛2020年原创区、悬赏值TOP榜（下）,http://mp.weixin.qq.com/s?__biz=MjM5Mjc3MDM2Mw==&mid=2651135428&idx=1&sn=da9dc2b54b04474068b464743d05a1cb&chksm=bd508d908a2704869a9ba41cd290bc8183f77531b5b5e134101e5a916c3779a127e508edc591&scene=27#wechat_redirect,精彩的2020已经悄悄离去，充满期待的2021姗然到来，回顾去年，论坛新人辈出、旧人依旧精彩，技术文章层出不穷、珠玉纷呈。,吾爱pojie,http://mmbiz.qpic.cn/sz_mmbiz_jpg/LFPriaSjBUZKkpAJFUc8su98g2zbhbWzRh7k1FRlI48BBBI3n3tjsbFIUZjCAb6tMVfMeGc5FyH8vQSApjSGJHA/0?wx_fmt=jpeg,https://www.52pojie.cn/thread-1356509-1-1.html,是,1,否,34611,57,199,67
2021-01-12,【权威发布】吾爱破解论坛2020年优秀、精华TOP榜（上）,http://mp.weixin.qq.com/s?__biz=MjM5Mjc3MDM2Mw==&mid=2651135423&idx=1&sn=a20128961a7177afdb2bcdb1e3e68c04&chksm=bd508deb8a2704fd8e29069ca838f81d2e5cc488df23eca302c7f3bd1da4db0b276f9a5b3087&scene=27#wechat_redirect,精彩的2020已经悄悄离去，充满期待的2020姗然到来，回顾去年，论坛新人辈出、旧人依旧精彩，技术文章层出不穷、珠玉纷呈。独看2020年，论坛收到了来自119位同学发布的共计166篇优秀、精华帖（精华帖78篇）。,吾爱pojie,http://mmbiz.qpic.cn/sz_mmbiz_jpg/LFPriaSjBUZI8BYIZmUtziaLR4iaKDGXzHR4NOicuEH3OwtAPSSbJ13jEq0kibdHSqIFuAGLgiblw6SfgmXn8NtAa1sA/0?wx_fmt=jpeg,https://www.52pojie.cn/thread-1349274-1-1.html,是,1,否,51784,93,349,58
2021-01-07,【Disassemblers】IDAPro7.5绿色版,http://mp.weixin.qq.com/s?__biz=MjM5Mjc3MDM2Mw==&mid=2651135419&idx=1&sn=328695018936652b0ae497cfe5cbad4a&chksm=bd508def8a2704f99f2a610d31b78c775581cf15a3d8ed3923bbc3caf21472489a851325e088&scene=27#wechat_redirect,，IDAPro7.5绿色版是Hmily和云在天基于外网泄露的IDAPro7.5SP3Windows版本制作，解压后运行“IDA_Pro_7.5_绿化工具”即可一键绿化，支持使用绿色版python。,吾爱pojie,http://mmbiz.qpic.cn/sz_mmbiz_jpg/LFPriaSjBUZKJoUZy1m8Rf1PlFSqVfpofF8kBaSXGww9VsOUric5qAlAUZNEXfIuERZwJibVfOJb1xomcT5mAfDmw/0?wx_fmt=jpeg,https://www.52pojie.cn/thread-1345176-1-1.html,是,1,否,60388,118,405,36
2021-01-01,分享图片,http://mp.weixin.qq.com/s?__biz=MjM5Mjc3MDM2Mw==&mid=2651135413&idx=1&sn=36278ebd15fd910a81ce91efb41944f8&chksm=bd508de18a2704f7a38600e8d52eae87b6831d78b319ae5bb9b1a4ecd183989545088b360655&scene=27#wechat_redirect,,,https://mmbiz.qpic.cn/sz_mmbiz_jpg/LFPriaSjBUZKibugw6AGgWia53vpfxAztY9evSpd5tAsI7LiaBxI7BQ67KT0FLLoPdiaIQt6wT79W5Tico21Kia5ZzhbQ/0?wx_fmt=jpeg,,否,1,否,32501,226,1034,0
