文章日期,文章标题,文章链接,文章简介,文章作者,文章封面,原文链接,是否原创,文章位置,是否付费,文章发布国家,文章发布省份,阅读数,在看数,点赞数,留言数
2022-05-27,只用牛腱子肉做的鲜牛肉干，入味劲道，越嚼越香,http://mp.weixin.qq.com/s?__biz=MjM5NDU0Mjk2MQ==&mid=2651784361&idx=2&sn=36827d6d9f3b54912f94d1c58b988368&chksm=bd7d80b78a0a09a143d29aabf99e0575c1a4af79184c98ab9e58b78e044e359b5e97f4f5bf61&scene=27#wechat_redirect,和菜头手工鲜牛肉干,连叔好货,http://mmbiz.qpic.cn/mmbiz_jpg/KKlWx3o7UM06IweNLI6PAmbqExdXSUs1bzvw8U4Rd3HRUicIXDupkibbPpaMudnmfh3pYp0vsz1y8pG0Y8NkqtcA/0?wx_fmt=jpeg,https://shop42117076.m.youzan.com/v2/feature/AogST0TN2v,是,2,否,中国,福建,8580,0,8,1
2022-05-27,爱不释手！国家博物馆与中央美院联手为孩子打造中国历史百科绘本，看了怎能不爱自己的文化？,http://mp.weixin.qq.com/s?__biz=MjM5NDU0Mjk2MQ==&mid=2651784361&idx=3&sn=0342c1b0ed66d925cf42ad8cf9542486&chksm=bd7d80b78a0a09a172ba42980cd4fa0eff16e468b7438145a0ceb02eebb63fc3acada253aa87&scene=27#wechat_redirect,《中国国家博物馆儿童历史百科绘本》(全10册),连岳读书,http://mmbiz.qpic.cn/mmbiz_jpg/KKlWx3o7UM23iciaVEl57y8ibiaYicBWRqjw6D2skiawL3pZMTXjl0MTMGvuxVKlqkdu59esvUI0mnceE5bmouOoiawicQ/0?wx_fmt=jpeg,https://shop42117076.m.youzan.com/v2/feature/SxzO8NdFjA,否,3,否,中国,福建,1613,0,2,0
2022-05-27,为了哄小女儿入睡，诺奖得主吉卜林写了一套迷人的童话,http://mp.weixin.qq.com/s?__biz=MjM5NDU0Mjk2MQ==&mid=2651784361&idx=4&sn=4f9d047ea3ea7cc57c2df91d3d428c96&chksm=bd7d80b78a0a09a19f941168bffc13cd360530d10ca2dfbfc4efe02883649fef7386a8722896&scene=27#wechat_redirect,《原来如此的故事》（全8册）,连岳读书,http://mmbiz.qpic.cn/mmbiz_jpg/KKlWx3o7UM2hl0FRXPCwZbOaUM7ib4ibUz0xW8GfxteicKVf17ynAP3uo8gyzDWcRl87B3IkLApjfMUTvweP0czhQ/0?wx_fmt=jpeg,https://shop42117076.m.youzan.com/v2/feature/SxzO8NdFjA,否,4,否,中国,福建,1438,0,0,0
2022-05-27,大师绘本，诠释儿童心灵成长6大主题,http://mp.weixin.qq.com/s?__biz=MjM5NDU0Mjk2MQ==&mid=2651784361&idx=5&sn=15c2ec42627fe6da5eaa0b0805b040a2&chksm=bd7d80b78a0a09a1a6775a38aed6ca16eb45c4210c6108921821190096d27d06ebb1e45bbd30&scene=27#wechat_redirect,《红苹果心灵成长绘本》（全6本）,皿·连岳读书,http://mmbiz.qpic.cn/mmbiz_jpg/KKlWx3o7UM2hup6iaUP87elWWpBzeGZ5ae5D8ZKhkVOSdA7dcrZ2AHHa5rXY1zWRGbATruNZSu3UyqgzPlib6u9w/0?wx_fmt=jpeg,https://shop42117076.m.youzan.com/v2/feature/SxzO8NdFjA,否,5,否,中国,福建,818,0,2,1
2022-05-27,我挑了几本童书，诠释了善良、温暖、坚韧、欢乐与爱,http://mp.weixin.qq.com/s?__biz=MjM5NDU0Mjk2MQ==&mid=2651784361&idx=6&sn=83c9810b1f033fb246c3597749680379&chksm=bd7d80b78a0a09a1c33c5bf4c1296df5b3944be141a8e213492b149b643019bfd4dc65c2db59&scene=27#wechat_redirect,小译林国际大奖童书,连岳读书,http://mmbiz.qpic.cn/mmbiz_jpg/KKlWx3o7UM334B9OfpsibJwNBvxsAaWu1diauCQamybeUPetz0fKegsYwSh9JmVeJiae2LRIksFrI50FZDMqEe3Ow/0?wx_fmt=jpeg,https://shop42117076.m.youzan.com/v2/feature/SxzO8NdFjA,否,6,否,中国,福建,1379,0,4,0
2022-05-27,六一快到了，送孩子什么书？,http://mp.weixin.qq.com/s?__biz=MjM5NDU0Mjk2MQ==&mid=2651784361&idx=7&sn=adee343e2ced33ac2208c9a0b39931ba&chksm=bd7d80b78a0a09a12054a0cbc8c8205394f832336f8e993dd9799f92adb70618a96f0f1bc7b0&scene=27#wechat_redirect,《我爱问连岳之少年问答2》,连岳读书,http://mmbiz.qpic.cn/mmbiz_jpg/KKlWx3o7UM1m6JfYxWCtn5qicQcxueBcPnEsBfAyHHANsHic9BOBDrQf33qcOJQjhYMpEcrZCXibBJF6fnDgVc3Xg/0?wx_fmt=jpeg,https://shop42117076.m.youzan.com/v2/feature/SxzO8NdFjA,否,7,否,中国,福建,1287,1,1,0
2022-05-27,如何建立好的关系网？,http://mp.weixin.qq.com/s?__biz=MjM5NDU0Mjk2MQ==&mid=2651784361&idx=1&sn=5c1096693dd56150c3b3afa9b3977e29&chksm=bd7d80b78a0a09a1a00366d0c07b760ae2aba860f0d35f95e3da2d17063bb58747eb5ba274ac&scene=27#wechat_redirect,好人都有好的关系网。,连岳,http://mmbiz.qpic.cn/mmbiz_jpg/KKlWx3o7UM06IweNLI6PAmbqExdXSUs1ktwL1Xs4ibsbS7ZLW0aYCNKibCYtAAINxdEbklYjewcjgHerUFkBq6EQ/0?wx_fmt=jpeg,https://shop42117076.m.youzan.com/v2/feature/SxzO8NdFjA,是,1,否,中国,福建,100001,605,1800,59
2022-05-26,边玩边学，超有趣的益智绘本,http://mp.weixin.qq.com/s?__biz=MjM5NDU0Mjk2MQ==&mid=2651784295&idx=2&sn=385167a2dc0cdda53e91614b8ba38c63&chksm=bd7d80798a0a096f72afdd3fe7d7e080d9020d04f91cace796ddd7b4d54fc5cd0ade1e3dfad7&scene=27#wechat_redirect,东方娃娃“益智游戏”主题绘本套装（共3册），,连岳读书,http://mmbiz.qpic.cn/mmbiz_jpg/1J0k1qVjPN2DcibYNxUChsRkXmvQUekeawN2VdbhgUk9ALMfjfbbZEDELBCN9tpHEYX9QT8nhzcVjDsVKdl9ocA/0?wx_fmt=jpeg,https://shop42117076.m.youzan.com/v2/feature/SxzO8NdFjA,是,2,否,中国,福建,6390,3,7,0
2022-05-26,从18个方面教会孩子保护自己和爱自己,http://mp.weixin.qq.com/s?__biz=MjM5NDU0Mjk2MQ==&mid=2651784295&idx=3&sn=9a517f0e96dd5a36707b41ca061fbb21&chksm=bd7d80798a0a096f3d778242725826377cc17bfdc3264a539adcd8082c9eb70a88ba386e73ed&scene=27#wechat_redirect,《学会爱自己（十年精选）》（全18册）,连岳读书,http://mmbiz.qpic.cn/mmbiz_jpg/1J0k1qVjPN3YdDic8RFkwlerDDNazvt0koALRsByjAqhSJkX5lg4Kt3WEZ3wialPZB5sCyJhwgjRorAdI7pW9Z2g/0?wx_fmt=jpeg,https://shop42117076.m.youzan.com/v2/feature/SxzO8NdFjA,否,3,否,中国,福建,2350,0,7,0
2022-05-26,STEM，工程师时代的硬核童书,http://mp.weixin.qq.com/s?__biz=MjM5NDU0Mjk2MQ==&mid=2651784295&idx=4&sn=e705786bbf49c3700117006a17fa8ff4&chksm=bd7d80798a0a096f024009de4922b9b70732cd5230d2d4e632512976bbc3f3cc0feffc5334b4&scene=27#wechat_redirect,《英国儿童经典STEM丛书》（全4册）,连岳读书,http://mmbiz.qpic.cn/mmbiz_jpg/KKlWx3o7UM0icQMoOu3icBT6GzqsiaZ3d1WJE77OG65RjkgFdxDricZAtPLphQic0T8wX1m1f8ia1TgciatjiaicCv8OE0A/0?wx_fmt=jpeg,https://shop42117076.m.youzan.com/v2/feature/SxzO8NdFjA,否,4,否,中国,福建,1907,1,2,0
2022-05-26,百个普及专题，万张高清图片，每一页都是一部百科全书,http://mp.weixin.qq.com/s?__biz=MjM5NDU0Mjk2MQ==&mid=2651784295&idx=5&sn=a86ca1c0a1b22fac5079996599ded376&chksm=bd7d80798a0a096f6fe39738131e3db783af622cf7cb2b31d9a80d916db8ef4c920cdeb88bbb&scene=27#wechat_redirect,《DK万物大百科》,连岳读书,http://mmbiz.qpic.cn/mmbiz_jpg/1J0k1qVjPN3PQ2DT4KWqrCJ1vibib4QLmcgSmiaSyCawGobnzRR2WFasbq7coKPJXjAgbEpHu6ibIjmiaVdLQ8ibOJZg/0?wx_fmt=jpeg,https://shop42117076.m.youzan.com/v2/feature/SxzO8NdFjA,否,5,否,中国,福建,901,1,3,0
2022-05-26,六一快到了，送孩子什么书？,http://mp.weixin.qq.com/s?__biz=MjM5NDU0Mjk2MQ==&mid=2651784295&idx=6&sn=5e502053f1cfe8312c9d9ce4ca3a3b2b&chksm=bd7d80798a0a096feb50d0c4109064368b1263c9342f1642b3beecc16f2b26202fa18a16c8c7&scene=27#wechat_redirect,《我爱问连岳之少年问答2》,连岳读书,http://mmbiz.qpic.cn/mmbiz_jpg/KKlWx3o7UM1m6JfYxWCtn5qicQcxueBcPnEsBfAyHHANsHic9BOBDrQf33qcOJQjhYMpEcrZCXibBJF6fnDgVc3Xg/0?wx_fmt=jpeg,https://shop42117076.m.youzan.com/v2/feature/SxzO8NdFjA,否,6,否,中国,福建,2164,1,8,1
2022-05-26,一年四季都能用的水感防晒，上脸隐形，高倍耐晒,http://mp.weixin.qq.com/s?__biz=MjM5NDU0Mjk2MQ==&mid=2651784295&idx=7&sn=8173da2434452c5dbfd63040bc47ebce&chksm=bd7d80798a0a096f94a696075135785d14081508f3677ccff78a5774d0bb738336314a43aa21&scene=27#wechat_redirect,怡思丁防晒液,连叔好货,http://mmbiz.qpic.cn/mmbiz_jpg/KKlWx3o7UM0icqDAAUnN6BXhtrQfPoPUibf1iaRo8WoYnq4fpGuKnDdvibcy8bjeOqryqGAvDib4GEd1ibavp2V7satA/0?wx_fmt=jpeg,https://shop42117076.m.youzan.com/v2/feature/AogST0TN2v,否,7,否,中国,福建,1028,0,3,0
2022-05-26,不必嫌弃自己，找到用好自己的方法即可,http://mp.weixin.qq.com/s?__biz=MjM5NDU0Mjk2MQ==&mid=2651784295&idx=1&sn=b631c2b817a9ce7ff7937b985e2d48b2&chksm=bd7d80798a0a096f4a0de5f88c5b49fc3a20967ea6c99785aff69715537c1c014560ede1184c&scene=27#wechat_redirect,人人都有特质，用得好，就是价值。,连岳,http://mmbiz.qpic.cn/mmbiz_jpg/KKlWx3o7UM2O3ZqQW7JgJicIYJ6vQ0hrv590iczZoBXPPdob8mC2bwoAmqLBxxkNyDJ70nHhia23LdsYic6ZBGRfiag/0?wx_fmt=jpeg,https://shop42117076.m.youzan.com/v2/feature/SxzO8NdFjA,是,1,否,中国,福建,100001,554,1702,38
2022-05-25,赶赴一场自然之约，遇见身边的神奇植物,http://mp.weixin.qq.com/s?__biz=MjM5NDU0Mjk2MQ==&mid=2651784260&idx=2&sn=22dd078ea3d97d2e99537d9637ae9c78&chksm=bd7d805a8a0a094ce8df8e03973ff2776d7eb4e4c1ad6af97b58f3a8b693c08d5a0587d095a5&scene=27#wechat_redirect,《中国故事·植物篇》（全10册）,连岳读书,http://mmbiz.qpic.cn/mmbiz_jpg/KKlWx3o7UM1htw2BfaoN9rPJF0ib3eia3FIe8Pj5BPNvKHyOnCRUKyCgSmK6jDIH9BNnuRwvDz7qeyc5PSJf7XGw/0?wx_fmt=jpeg,https://shop42117076.m.youzan.com/v2/feature/SxzO8NdFjA,是,2,否,中国,福建,4863,8,13,0
2022-05-25,和小青蛙一起，学习相处之道,http://mp.weixin.qq.com/s?__biz=MjM5NDU0Mjk2MQ==&mid=2651784260&idx=3&sn=a5f386d25848e0dafacf373c5045ca8b&chksm=bd7d805a8a0a094cc0cd663e3e7326c5698bb0704c5ef78214407691df773de86a7ea56080de&scene=27#wechat_redirect,东方娃娃“相处”主题绘本套装（共3册）,连岳读书,http://mmbiz.qpic.cn/mmbiz_jpg/KKlWx3o7UM1htw2BfaoN9rPJF0ib3eia3FIEyoG2XueECmBoAwOicsZvs6x1G8fZ69ib9IEIPaEw2oVkARQMiaS7TAQ/0?wx_fmt=jpeg,https://shop42117076.m.youzan.com/v2/feature/SxzO8NdFjA,是,3,否,中国,福建,2161,3,6,0
2022-05-25,透气防泼水，经典又元气的帆布鞋和小白鞋,http://mp.weixin.qq.com/s?__biz=MjM5NDU0Mjk2MQ==&mid=2651784260&idx=4&sn=262a27f29aa4fd25863b3b2039944c14&chksm=bd7d805a8a0a094ce06fa2dc9d8284cc55e496a24f7c2b6418596a71990692495e023fa00600&scene=27#wechat_redirect,Rockfish休闲鞋,连叔好货,http://mmbiz.qpic.cn/mmbiz_jpg/KKlWx3o7UM1htw2BfaoN9rPJF0ib3eia3Fibnniaapyc5IXQjC3mia8JsqribY4bcdw4nmTBhhS6Qs9DoAU52ax1Cahg/0?wx_fmt=jpeg,https://shop42117076.m.youzan.com/v2/feature/AogST0TN2v,是,4,否,中国,福建,5333,1,7,0
2022-05-25,六一快到了，送孩子什么书？,http://mp.weixin.qq.com/s?__biz=MjM5NDU0Mjk2MQ==&mid=2651784260&idx=5&sn=9e6a9f83cec081bba1c38574856a5950&chksm=bd7d805a8a0a094cd451ea12cf07d674abc5d5b06ce53fb6b79f7b7d142a9d0e4360540244cd&scene=27#wechat_redirect,《我爱问连岳之少年问答2》,连岳读书,http://mmbiz.qpic.cn/mmbiz_jpg/KKlWx3o7UM1m6JfYxWCtn5qicQcxueBcPnEsBfAyHHANsHic9BOBDrQf33qcOJQjhYMpEcrZCXibBJF6fnDgVc3Xg/0?wx_fmt=jpeg,https://shop42117076.m.youzan.com/v2/feature/SxzO8NdFjA,否,5,否,中国,福建,2499,2,7,0
2022-05-25,金庸小说中的湖州枕头粽，口口有料，润而不腻，咸甜都美味,http://mp.weixin.qq.com/s?__biz=MjM5NDU0Mjk2MQ==&mid=2651784260&idx=6&sn=e2d501697e3ec43ea360e6773e28abbc&chksm=bd7d805a8a0a094cc31983f104cbffd6e30aa32bf4d8a0108f7e37b6d5b39538619455961281&scene=27#wechat_redirect,艾格吃饱了湖州枕头粽,连叔好货,http://mmbiz.qpic.cn/mmbiz_jpg/KKlWx3o7UM1m6JfYxWCtn5qicQcxueBcPiaiaicxicicicENWq6j8iajqtuiaZOQn68fyoS4pibiaELSbNmtPV7N32Mu4JIicA/0?wx_fmt=jpeg,https://shop42117076.m.youzan.com/v2/feature/AogST0TN2v,否,6,否,中国,福建,1254,0,2,0
2022-05-25,渐变色，大容量，喝水也能这么炫酷,http://mp.weixin.qq.com/s?__biz=MjM5NDU0Mjk2MQ==&mid=2651784260&idx=7&sn=4eae007f66f10f63bfe17258f8b7eded&chksm=bd7d805a8a0a094c4288894f520759b52bb1433f12b113a9af6c38cabb7c281dd0e2108925b8&scene=27#wechat_redirect,VenturePal潮流运动水壶,连叔好货,http://mmbiz.qpic.cn/mmbiz_jpg/KKlWx3o7UM1v0uZzFxRFwst2W91w0338LyRwf6wfOiaTJ9RjpIUvoAbFjumzdbeicaRwZTxl9X4kiaoVYoBEWiasog/0?wx_fmt=jpeg,https://shop42117076.m.youzan.com/v2/feature/AogST0TN2v,否,7,否,中国,福建,1135,0,3,0
2022-05-25,追求健康平衡，远离病态平衡,http://mp.weixin.qq.com/s?__biz=MjM5NDU0Mjk2MQ==&mid=2651784260&idx=1&sn=bee590bd5812fbdc757718a504c98eb5&chksm=bd7d805a8a0a094c4daa846302644fdebd6e9096d629360cf0f2ef7cf22b7137298e64c66a7d&scene=27#wechat_redirect,幸福不是地理，幸福是选择。,连岳,http://mmbiz.qpic.cn/mmbiz_jpg/KKlWx3o7UM1htw2BfaoN9rPJF0ib3eia3FlSA5xNe41cvvBfQqBOhKAwJAKxopSuQErENGRRicTjXPO1kHtbnm6ow/0?wx_fmt=jpeg,https://shop42117076.m.youzan.com/v2/feature/SxzO8NdFjA,是,1,否,中国,福建,100001,904,3108,55
2022-05-24,惊奇与感动同在，给中国孩子的本土动物绘本故事,http://mp.weixin.qq.com/s?__biz=MjM5NDU0Mjk2MQ==&mid=2651784155&idx=2&sn=6179600f4b0fd3aa8e26dd171043f613&chksm=bd7d87c58a0a0ed303dd0ea67f3d4871ff77df7031210c718d4b202b433220b894b82f02d7e7&scene=27#wechat_redirect,《中国故事·动物篇》（全10册）,连岳读书,http://mmbiz.qpic.cn/mmbiz_jpg/KKlWx3o7UM2bIs6ntpCGIrF9PCia2HticGhIxPkznYePwL1cLU1XZx9qJibIIrBZlZP6dkNZKp1VBKDhDqdAUY1lQ/0?wx_fmt=jpeg,https://shop42117076.m.youzan.com/v2/feature/SxzO8NdFjA,是,2,否,中国,福建,5818,7,10,0
2022-05-24,六一快到了，送孩子什么书？,http://mp.weixin.qq.com/s?__biz=MjM5NDU0Mjk2MQ==&mid=2651784155&idx=3&sn=1120da02545af55725f00298dacf7ce6&chksm=bd7d87c58a0a0ed30d5a5b820eab886093b2f620f07a1244443762fff4a0c76153ec8de05e24&scene=27#wechat_redirect,《我爱问连岳之少年问答2》,连岳读书,http://mmbiz.qpic.cn/mmbiz_jpg/KKlWx3o7UM1m6JfYxWCtn5qicQcxueBcPnEsBfAyHHANsHic9BOBDrQf33qcOJQjhYMpEcrZCXibBJF6fnDgVc3Xg/0?wx_fmt=jpeg,https://shop42117076.m.youzan.com/v2/feature/SxzO8NdFjA,否,3,否,中国,福建,4943,3,12,0
2022-05-24,让孩子在自然里理解自然和人类,http://mp.weixin.qq.com/s?__biz=MjM5NDU0Mjk2MQ==&mid=2651784155&idx=4&sn=df8bb36d0d1cb91e4c61f913243db8c5&chksm=bd7d87c58a0a0ed39ffd2d1f298c58e81ac5baafe8ca72353880ece28eb4ecdd1f32c1410511&scene=27#wechat_redirect,《世界自然文学大师作品·美绘本》（全五册）,连岳读书,http://mmbiz.qpic.cn/mmbiz_jpg/KKlWx3o7UM0qEhX1moHhcPNrDibkqsJ9LvvSYVZPib3LV0IxUCsj9ss0KeSpPtPia1AxOzvo2iamRoMiaZozKEPmGgw/0?wx_fmt=jpeg,https://shop42117076.m.youzan.com/v2/feature/SxzO8NdFjA,否,4,否,中国,福建,1335,0,3,1
2022-05-24,Q弹爆浆，属于夏天的冰粽，榴莲和芒果爱好者狂喜！,http://mp.weixin.qq.com/s?__biz=MjM5NDU0Mjk2MQ==&mid=2651784155&idx=5&sn=c1962c1b46d4bd728f3f519841e7c5c0&chksm=bd7d87c58a0a0ed3493ae6e8f7fb69ef470d7f6b316dd0c1ed35c24018b4a23d17e4c283f6c3&scene=27#wechat_redirect,榴芒一刻芒果，榴莲，猫山王榴莲冰粽,连叔好货,http://mmbiz.qpic.cn/mmbiz_jpg/1J0k1qVjPN00lxWX5BZDQf4MdKyzLYnvEL2GNg3PVOxQszD54XYhHITcw4WFQtovNGUT8Nrm5fH6FourYJGiapg/0?wx_fmt=jpeg,https://shop42117076.m.youzan.com/v2/feature/AogST0TN2v,否,5,否,中国,福建,1194,0,2,0
2022-05-24,能“偷懒”的精致，优雅知性连衣裙，通勤好选择,http://mp.weixin.qq.com/s?__biz=MjM5NDU0Mjk2MQ==&mid=2651784155&idx=6&sn=56e7e63f9488e10d06ef599297db4bb3&chksm=bd7d87c58a0a0ed3cde300339241bcdd82e0f2ce2d8ed59733d7e2d85fff21067fef2b56ee38&scene=27#wechat_redirect,INANDON不易皱垂顺显瘦连衣裙、干练西装翻领连衣裙,连叔好货,http://mmbiz.qpic.cn/mmbiz_jpg/KKlWx3o7UM0ia2ia6ePicO1O7ouNK9kFTnPnxd7ql99gzsW8MZt8LnsOVOHnS723A1ed0NBYtYRCiciaW8O72S8s9Qw/0?wx_fmt=jpeg,https://shop42117076.m.youzan.com/v2/feature/AogST0TN2v,否,6,否,中国,福建,4518,0,3,0
2022-05-24,海红香米传奇：1986年，湛江发现第一株耐盐碱野生海水稻……,http://mp.weixin.qq.com/s?__biz=MjM5NDU0Mjk2MQ==&mid=2651784155&idx=7&sn=cbb867aee643d11c15381bbe991db97c&chksm=bd7d87c58a0a0ed382a2b5020b029effdf66831ab35a63b42985c445200aa042b41b50a24207&scene=27#wechat_redirect,粤海田海红香米,连叔好货,http://mmbiz.qpic.cn/mmbiz_jpg/KKlWx3o7UM0sibnbjoNzsb5ADdXTLkFQGC5RK9n7BsONkt1oe1jXakxoWVT4qHTLv4yXG3EEYUNIX6HHtw83mIg/0?wx_fmt=jpeg,https://shop42117076.m.youzan.com/v2/feature/AogST0TN2v,否,7,否,中国,福建,1068,0,3,1
2022-05-24,对的路与错的路，刚开始分岔时，一步之差而已，觉察力很重要,http://mp.weixin.qq.com/s?__biz=MjM5NDU0Mjk2MQ==&mid=2651784155&idx=1&sn=b85c4db45694666dbec7877717753e25&chksm=bd7d87c58a0a0ed34d4a17a96514f484c3f4c5634c7372f0e67336050dad4b156ac9c1adc823&scene=27#wechat_redirect,寒门学子的负担与资产。,连岳,http://mmbiz.qpic.cn/mmbiz_jpg/KKlWx3o7UM2bIs6ntpCGIrF9PCia2HticGM2VOE3V08ibg3NrNNPofhRwu8VrkesW0bJlyRjfRiaY0NTHMeutw5yPg/0?wx_fmt=jpeg,https://shop42117076.m.youzan.com/v2/feature/SxzO8NdFjA,是,1,否,中国,福建,100001,1488,5243,78
2022-05-23,六一快到了，给孩子送什么？,http://mp.weixin.qq.com/s?__biz=MjM5NDU0Mjk2MQ==&mid=2651784122&idx=2&sn=4dcacdaf52dfbd7bcb67e41882f279fb&chksm=bd7d87a48a0a0eb2d053dda53e56573dd0cfcfe25d1cffc66cfca4a2164a6fb98fc5340f0fe0&scene=27#wechat_redirect,《我爱问连岳之少年问答2》,连岳读书,http://mmbiz.qpic.cn/mmbiz_jpg/KKlWx3o7UM1m6JfYxWCtn5qicQcxueBcPnEsBfAyHHANsHic9BOBDrQf33qcOJQjhYMpEcrZCXibBJF6fnDgVc3Xg/0?wx_fmt=jpeg,https://shop42117076.m.youzan.com/v2/feature/SxzO8NdFjA,否,2,否,中国,福建,21391,14,34,10
2022-05-23,今年新鲜的云南头水玫瑰，三大朵做一枚甜蜜的鲜花饼,http://mp.weixin.qq.com/s?__biz=MjM5NDU0Mjk2MQ==&mid=2651784122&idx=3&sn=8e669c41268460dce5b8e7755e697f1a&chksm=bd7d87a48a0a0eb25120f8f605fe7b559de930a5574a702d1d309c79b90e739f1a6a67daaaa0&scene=27#wechat_redirect,和菜头鲜花饼、云腿小酥,连叔好货,http://mmbiz.qpic.cn/mmbiz_jpg/KKlWx3o7UM1m6JfYxWCtn5qicQcxueBcPM0QeibicUEMtgicNsDtUUwxN3MJjOqlNhfKMhEAboM1AmnG3EZR0WI3gw/0?wx_fmt=jpeg,https://shop42117076.m.youzan.com/v2/feature/AogST0TN2v,否,3,否,中国,福建,3164,1,5,0
2022-05-23,金庸小说中的湖州枕头粽，口口有料，润而不腻，咸甜都美味,http://mp.weixin.qq.com/s?__biz=MjM5NDU0Mjk2MQ==&mid=2651784122&idx=4&sn=4004fb308627c0c3181e80b556ec3954&chksm=bd7d87a48a0a0eb262aeeea61c8380beb4d1c4520e335c9ebee61c5bc4dc8dfe958f5291481e&scene=27#wechat_redirect,艾格吃饱了湖州枕头粽,连叔好货,http://mmbiz.qpic.cn/mmbiz_jpg/KKlWx3o7UM1m6JfYxWCtn5qicQcxueBcPiaiaicxicicicENWq6j8iajqtuiaZOQn68fyoS4pibiaELSbNmtPV7N32Mu4JIicA/0?wx_fmt=jpeg,https://shop42117076.m.youzan.com/v2/feature/AogST0TN2v,否,4,否,中国,福建,1806,1,2,0
2022-05-23,让你爱上喝水的水壶，渐变高颜值，省心大容量,http://mp.weixin.qq.com/s?__biz=MjM5NDU0Mjk2MQ==&mid=2651784122&idx=5&sn=721cb186356da86da623671a89ec54fe&chksm=bd7d87a48a0a0eb2619a4585eb989d37d8d66d5de57bb45484e449e9ca1702b43bc3a384f899&scene=27#wechat_redirect,VenturePal潮流运动水壶,连叔好货,http://mmbiz.qpic.cn/mmbiz_jpg/KKlWx3o7UM23FaAAApFPtpdpdYVgPN5c2fSUzupoep6LgChdSUp6ojfxfkJUmSRribialdZTMyWMgPBQgXelAHYw/0?wx_fmt=jpeg,https://shop42117076.m.youzan.com/v2/feature/AogST0TN2v,否,5,否,中国,福建,1883,0,0,0
2022-05-23,作为中国人，还是要知道一点孔子的故事,http://mp.weixin.qq.com/s?__biz=MjM5NDU0Mjk2MQ==&mid=2651784122&idx=6&sn=5e54a2c1b02d6e91a43d9044f63047e2&chksm=bd7d87a48a0a0eb296275eb0cd3531cd12a116c79b4780fbf7abc444b82ed8e7e709b0799bf7&scene=27#wechat_redirect,《孔子的故事》,Cecelia·连岳读书,http://mmbiz.qpic.cn/mmbiz_jpg/KKlWx3o7UM1pUcneNFgapqxh8rwKMmm1zC1KslYEYejzOZgZmB0Bqq3mVtboIibFnVpmHtzU9B9cDaEfgqd8Cuw/0?wx_fmt=jpeg,https://shop42117076.m.youzan.com/v2/feature/SxzO8NdFjA,否,6,否,中国,福建,1675,4,7,0
2022-05-23,栖息在建筑里，认识这门无声的艺术,http://mp.weixin.qq.com/s?__biz=MjM5NDU0Mjk2MQ==&mid=2651784122&idx=7&sn=a7fdfb6f338348e545d39f153850b85f&chksm=bd7d87a48a0a0eb25e17c4078dc3b4d9e11d56781785e80a9b222eef4d217af35842a63e621d&scene=27#wechat_redirect,《建筑艺术的语言》,连岳读书,http://mmbiz.qpic.cn/mmbiz_jpg/KKlWx3o7UM0icNtxggpkicu8YAXsCwibKg7HI6lyjZTLiczHIjC93I6dDxuUH2IfzF7ziahJp8ncohwVrKPQlqdcg1Q/0?wx_fmt=jpeg,https://shop42117076.m.youzan.com/v2/feature/SxzO8NdFjA,否,7,否,中国,福建,1177,0,2,0
2022-05-23,就业难在哪？难在心,http://mp.weixin.qq.com/s?__biz=MjM5NDU0Mjk2MQ==&mid=2651784122&idx=1&sn=0341edf6bbdf09f4bde6481d7ed9760e&chksm=bd7d87a48a0a0eb220a1e837536d169a7c4d65c2f94bb64d1deb443f4521ea88a7523e41a1e1&scene=27#wechat_redirect,低文凭不可怕。,连岳,http://mmbiz.qpic.cn/mmbiz_jpg/KKlWx3o7UM1CkZg7vgQsXF15vnw1RETYQ1QKFmZGTkTMgJLaKicRXom5ZbAFmwnC8Ym5t5ib1Ivb26fkKYe1l0sw/0?wx_fmt=jpeg,https://shop42117076.m.youzan.com/v2/feature/SxzO8NdFjA,是,1,否,中国,福建,100001,946,2833,72
2022-05-22,Q弹爆浆，属于夏天的冰粽，榴莲和芒果爱好者狂喜！,http://mp.weixin.qq.com/s?__biz=MjM5NDU0Mjk2MQ==&mid=2651784077&idx=2&sn=e0386380d0d9d43d3c29c475f5ca76e4&chksm=bd7d87938a0a0e855c1fe32eec2a34649cfa653eb8861c2164865eb49fa8f3a141d9914f104d&scene=27#wechat_redirect,榴芒一刻芒果，榴莲，猫山王榴莲冰粽,连叔好货,http://mmbiz.qpic.cn/mmbiz_jpg/1J0k1qVjPN00lxWX5BZDQf4MdKyzLYnvEL2GNg3PVOxQszD54XYhHITcw4WFQtovNGUT8Nrm5fH6FourYJGiapg/0?wx_fmt=jpeg,https://shop42117076.m.youzan.com/v2/feature/AogST0TN2v,是,2,否,中国,福建,8752,1,6,0
2022-05-22,可爱的少年，可爱的少年问答,http://mp.weixin.qq.com/s?__biz=MjM5NDU0Mjk2MQ==&mid=2651784077&idx=3&sn=6b6cb281ad9401fe45c7c41f37c1a06a&chksm=bd7d87938a0a0e85761c4254206f3e2f3a0454ab5543feb15fca324bffb1a3062cbcb8f01069&scene=27#wechat_redirect,《我爱问连岳之少年问答2》,连岳读书,http://mmbiz.qpic.cn/mmbiz_jpg/KKlWx3o7UM1m6JfYxWCtn5qicQcxueBcPnEsBfAyHHANsHic9BOBDrQf33qcOJQjhYMpEcrZCXibBJF6fnDgVc3Xg/0?wx_fmt=jpeg,https://shop42117076.m.youzan.com/v2/feature/SxzO8NdFjA,否,3,否,中国,福建,2349,3,11,0
2022-05-22,用心体会，父母的“紧箍咒”也带着秩序美,http://mp.weixin.qq.com/s?__biz=MjM5NDU0Mjk2MQ==&mid=2651784077&idx=4&sn=6d0b996347b5fda772aa8d6c8a80c58d&chksm=bd7d87938a0a0e85fb478584b7920e5f4de95c79e49bfafdd921b7747ac192a119081a9d363a&scene=27#wechat_redirect,东方娃娃“秩序”主题绘本,连岳读书,http://mmbiz.qpic.cn/mmbiz_jpg/KKlWx3o7UM3WzJmMpTIKLAxaeUEEKsjrdh4DicAZy70X6YhlVIxjqu4d7gvo2kibmWfvKN8qQJOZhajNKeLPNDNg/0?wx_fmt=jpeg,https://shop42117076.m.youzan.com/v2/feature/SxzO8NdFjA,否,4,否,中国,福建,1351,0,1,0
2022-05-22,硬科技，大国竞争的前沿,http://mp.weixin.qq.com/s?__biz=MjM5NDU0Mjk2MQ==&mid=2651784077&idx=5&sn=aaace6a34b73b49adb61edf709281ada&chksm=bd7d87938a0a0e85384733719231cb8205fa7c04c95897029eaa2a8f1fed5571f2a0b89663a6&scene=27#wechat_redirect,《硬科技：大国竞争的前沿》,李培根,http://mmbiz.qpic.cn/mmbiz_jpg/KKlWx3o7UM3o4Ua3Ht7bKlvPwOlPjllRpeZ9m4zShbpROBvz7DF1pYAWgNPuzUZW4RicByauUCcOfQT6lJpHVvA/0?wx_fmt=jpeg,https://shop42117076.m.youzan.com/v2/feature/SxzO8NdFjA,否,5,否,中国,福建,742,3,2,0
2022-05-22,将美好雕刻为永恒，别于胸前，夹入书页,http://mp.weixin.qq.com/s?__biz=MjM5NDU0Mjk2MQ==&mid=2651784077&idx=6&sn=30482657074e6b5674711d0fc50863c7&chksm=bd7d87938a0a0e85004168d3ab5c97c4fc64772af9210451c266a7b86ad39e9cb61fd58e0a03&scene=27#wechat_redirect,手心里幸福已来·铃兰书签、好运似锦胸针、桃花朵朵胸针,连叔好货,http://mmbiz.qpic.cn/mmbiz_jpg/KKlWx3o7UM3PvZianiaDUXTqKjLDjibk7NjaP566pkebsIf5xbGtzxpib351OVzqa5YTKObgp8u2IurctgT5q9pXJA/0?wx_fmt=jpeg,https://shop42117076.m.youzan.com/v2/feature/AogST0TN2v,否,6,否,中国,福建,1002,1,3,0
2022-05-22,高颜值高品质，居家旅行超好用的三款牙刷,http://mp.weixin.qq.com/s?__biz=MjM5NDU0Mjk2MQ==&mid=2651784077&idx=7&sn=fdef4d368fb792808ed94c66acc1dc14&chksm=bd7d87938a0a0e859e376a232acf1e101b87524cb60e483ea0bdc332017f973532b2c6f39c6a&scene=27#wechat_redirect,贝医生巴氏牙刷青春版、巴氏牙刷竹洁版，云柔版，,连叔好货,http://mmbiz.qpic.cn/mmbiz_jpg/KKlWx3o7UM3WzJmMpTIKLAxaeUEEKsjrknmYICVXPBUzM3UlqicuYfoP2Ug7yOEicN3Vpn9AKdUzicqb54ynVuw1Q/0?wx_fmt=jpeg,https://shop42117076.m.youzan.com/v2/feature/AogST0TN2v,否,7,否,中国,福建,1048,0,0,0
2022-05-22,疫情给学习领先带来的机会,http://mp.weixin.qq.com/s?__biz=MjM5NDU0Mjk2MQ==&mid=2651784077&idx=1&sn=095ca8b4ed0de4f41dfc6c89436a522d&chksm=bd7d87938a0a0e852af5ac5f4ef9c597e6f71e9c3ababf11304cba574fbd99de7e3a9e26c544&scene=27#wechat_redirect,看得到的危险，看不到的机会。,连岳,http://mmbiz.qpic.cn/mmbiz_jpg/KKlWx3o7UM1FSbhB5krW4FpeXKhmwVxAsPLgU6a0vjtVUviadg9gUaBzDC8QYEficzUS7P4NxcVMqGhfJIPP3eSg/0?wx_fmt=jpeg,https://shop42117076.m.youzan.com/v2/feature/SxzO8NdFjA,是,1,否,中国,福建,100001,580,1550,31
2022-05-21,可爱的少年，可爱的少年问答,http://mp.weixin.qq.com/s?__biz=MjM5NDU0Mjk2MQ==&mid=2651784036&idx=2&sn=4a11115955f2b35138c14f50ed044a2f&chksm=bd7d877a8a0a0e6cc38e5c4ab027a3a4d1054ee75f9970b7ce9e1a1b0b016ddf10392d8bac32&scene=27#wechat_redirect,《我爱问连岳之少年问答2》,连岳读书,http://mmbiz.qpic.cn/mmbiz_jpg/KKlWx3o7UM1m6JfYxWCtn5qicQcxueBcPnEsBfAyHHANsHic9BOBDrQf33qcOJQjhYMpEcrZCXibBJF6fnDgVc3Xg/0?wx_fmt=jpeg,https://shop42117076.m.youzan.com/v2/feature/SxzO8NdFjA,否,2,否,中国,福建,8946,9,23,5
2022-05-21,金庸小说中的湖州枕头粽，口口有料，润而不腻，咸甜都美味,http://mp.weixin.qq.com/s?__biz=MjM5NDU0Mjk2MQ==&mid=2651784036&idx=3&sn=034208fef869407a266a086034562068&chksm=bd7d877a8a0a0e6c68a74c61339ebf30cb4e86b458c543a5db3cb925014f9edebfe825d6aa08&scene=27#wechat_redirect,艾格吃饱了湖州枕头粽,连叔好货,http://mmbiz.qpic.cn/mmbiz_jpg/KKlWx3o7UM1m6JfYxWCtn5qicQcxueBcPiaiaicxicicicENWq6j8iajqtuiaZOQn68fyoS4pibiaELSbNmtPV7N32Mu4JIicA/0?wx_fmt=jpeg,https://shop42117076.m.youzan.com/v2/feature/AogST0TN2v,是,3,否,中国,福建,3124,0,5,0
2022-05-21,采自中国柠檬之都，真空脱水锁鲜的冻干柠檬片,http://mp.weixin.qq.com/s?__biz=MjM5NDU0Mjk2MQ==&mid=2651784036&idx=4&sn=19c744d940777d6031bb8a84d1d2460d&chksm=bd7d877a8a0a0e6cfe3ba1f00c914453a4380fcc852e234968117b001a1c37c41c57dce1152d&scene=27#wechat_redirect,喜善花房冻干柠檬片,连叔好货,http://mmbiz.qpic.cn/mmbiz_jpg/KKlWx3o7UM0Yomwib0hOK52WLfO9SM9LZODSbRtqoImaOP0V8CV3ibp6iaKpibhFTHicXGKscuFbD6TZBm0mjqUq3AQ/0?wx_fmt=jpeg,https://shop42117076.m.youzan.com/v2/feature/AogST0TN2v,否,4,否,中国,福建,1134,2,4,0
2022-05-21,灵动飘逸的夏日印花连衣裙，尽显浪漫法式风情,http://mp.weixin.qq.com/s?__biz=MjM5NDU0Mjk2MQ==&mid=2651784036&idx=5&sn=4545ff435cb8810ec1f2965bc9970bf8&chksm=bd7d877a8a0a0e6c3e78ccdb034ffddc7bd3ef2af99f8d36c4f0696bf12b7f47d5f7949c6fb1&scene=27#wechat_redirect,INANDON夏日棉麻印花连衣裙、优雅印花裹身连衣裙，,连叔好货,http://mmbiz.qpic.cn/mmbiz_jpg/KKlWx3o7UM032HicVTJ3q7ia19t1MRXgmEw216Z6vOpYHqnP7hSIRaBdr3UZzpT8uUPd6eoxqnlvPzlichwBpmz0g/0?wx_fmt=jpeg,https://shop42117076.m.youzan.com/v2/feature/AogST0TN2v,否,5,否,中国,福建,3024,2,3,0
2022-05-21,十多年前就呼吁国内大循环的学者告诉你什么是国内大循环,http://mp.weixin.qq.com/s?__biz=MjM5NDU0Mjk2MQ==&mid=2651784036&idx=6&sn=ae0f7f8959923bca4b2e1f591d5c5220&chksm=bd7d877a8a0a0e6cf5ed4574ac57dc86a85a10ae4e5e04d2fb7015123e3d962d011d0ad0c7bb&scene=27#wechat_redirect,《国内大循环：经济发展新战略与政策选择》,连岳读书,http://mmbiz.qpic.cn/mmbiz_jpg/KKlWx3o7UM2056XvefSXlNbUMZDIqWPicUVhncLxoWKJyjUCibEjDQ9RZYbpryMtCYnbiaAAGXbgXK7rvM62pncAA/0?wx_fmt=jpeg,https://shop42117076.m.youzan.com/v2/feature/SxzO8NdFjA,否,6,否,中国,福建,1231,4,3,0
2022-05-21,英国随笔文学开山之作，超越百年的人生智慧。9.9元包邮,http://mp.weixin.qq.com/s?__biz=MjM5NDU0Mjk2MQ==&mid=2651784036&idx=7&sn=8b4f2583c4146025a9ea2816ab2dc2e9&chksm=bd7d877a8a0a0e6cde01261852500c07c948bf36d5be52fcf45ef667e249a4c606ec4d308d51&scene=27#wechat_redirect,《培根随笔全集》,连岳读书,http://mmbiz.qpic.cn/mmbiz_jpg/KKlWx3o7UM1m6JfYxWCtn5qicQcxueBcPPqgLNib6nLiagUibfJAJSwcO3mT9QQEicdGq5EzUfaMr6M8eTZHZ1otv3g/0?wx_fmt=jpeg,https://shop42117076.m.youzan.com/v2/feature/SxzO8NdFjA,否,7,否,中国,福建,1246,1,3,1
2022-05-21,你会同时爱上两个人,http://mp.weixin.qq.com/s?__biz=MjM5NDU0Mjk2MQ==&mid=2651784036&idx=1&sn=a779b20eda64e92161c311c3755c1976&chksm=bd7d877a8a0a0e6c596c50a118a55d4ca44cf6b814f645fb0af84f0c010215137212c7ce5409&scene=27#wechat_redirect,爱的价值所在。,连岳,http://mmbiz.qpic.cn/mmbiz_jpg/KKlWx3o7UM1m6JfYxWCtn5qicQcxueBcPTxm0HJxAIDmzyHYAPVUuH1ZUpxgYnibDTZ4LxslxQlaFbVAudrlD0PA/0?wx_fmt=jpeg,https://shop42117076.m.youzan.com/v2/feature/SxzO8NdFjA,否,1,否,中国,福建,100001,648,1676,59
2022-05-20,英国随笔文学开山之作，超越百年的人生智慧,http://mp.weixin.qq.com/s?__biz=MjM5NDU0Mjk2MQ==&mid=2651783811&idx=2&sn=67e4e68b472547a7d733df32bd129dd3&chksm=bd7d869d8a0a0f8ba8bddf4603e5a2412a6462d34363cde93286c970566fb9362f64172eb49c&scene=27#wechat_redirect,《培根随笔全集》,连岳读书,http://mmbiz.qpic.cn/mmbiz_jpg/KKlWx3o7UM3nNxlaAPV1pjErY7rDXHwurQL9BCdmBGZVIUQY1hdnzx7ow8k6kLeW7CWMYdxvP38LDfGAUXM9Uw/0?wx_fmt=jpeg,https://shop42117076.m.youzan.com/v2/feature/SxzO8NdFjA,是,2,否,中国,福建,8580,6,22,0
2022-05-20,汉字为什么这么美？,http://mp.weixin.qq.com/s?__biz=MjM5NDU0Mjk2MQ==&mid=2651783811&idx=3&sn=aa8fc160dc81327a09b42fa61c1ba225&chksm=bd7d869d8a0a0f8bf99f4e32f17eeffd4ec67b607c86a6cddcab074e008ac462f5ac2699cc89&scene=27#wechat_redirect,《汉字为什么这么美》《说解汉字一百五十讲》,连岳读书,http://mmbiz.qpic.cn/mmbiz_jpg/KKlWx3o7UM2gHnQQkhdvaSeu18h6JdchvicefHUg9TZULQU0DI4QTMDmnyll5uibJ07fMLyOiagXJOLUhzeYRfiajQ/0?wx_fmt=jpeg,https://shop42117076.m.youzan.com/v2/feature/SxzO8NdFjA,否,3,否,中国,福建,3630,1,6,1
2022-05-20,让你爱上喝水的水壶，渐变高颜值，省心大容量,http://mp.weixin.qq.com/s?__biz=MjM5NDU0Mjk2MQ==&mid=2651783811&idx=4&sn=4713ae91e8c27f01d0168f22c32dec9f&chksm=bd7d869d8a0a0f8bf54512966d107d33d526e62cb08ecee8e32248727acafea58133ca4f359c&scene=27#wechat_redirect,VenturePal潮流运动水壶,连叔好货,http://mmbiz.qpic.cn/mmbiz_jpg/KKlWx3o7UM23FaAAApFPtpdpdYVgPN5c2fSUzupoep6LgChdSUp6ojfxfkJUmSRribialdZTMyWMgPBQgXelAHYw/0?wx_fmt=jpeg,https://shop42117076.m.youzan.com/v2/feature/AogST0TN2v,否,4,否,中国,福建,2309,0,0,0
2022-05-20,能“偷懒”的精致，优雅知性连衣裙，通勤好选择,http://mp.weixin.qq.com/s?__biz=MjM5NDU0Mjk2MQ==&mid=2651783811&idx=5&sn=8c1a58d4c4f89da326fc01ba8ec6a413&chksm=bd7d869d8a0a0f8b36a36d64c9ef043c8f9def743ca1d28241321578f1d116aadc7ed457d116&scene=27#wechat_redirect,INANDON不易皱垂顺显瘦连衣裙、干练西装翻领连衣裙,连叔好货,http://mmbiz.qpic.cn/mmbiz_jpg/KKlWx3o7UM0ia2ia6ePicO1O7ouNK9kFTnPnxd7ql99gzsW8MZt8LnsOVOHnS723A1ed0NBYtYRCiciaW8O72S8s9Qw/0?wx_fmt=jpeg,https://shop42117076.m.youzan.com/v2/feature/AogST0TN2v,否,5,否,中国,福建,5113,0,4,0
2022-05-20,柔美简约，丝滑飘逸，绝美的春夏裙装合集,http://mp.weixin.qq.com/s?__biz=MjM5NDU0Mjk2MQ==&mid=2651783811&idx=6&sn=0a6951a22e73281e4a5736d110c7e591&chksm=bd7d869d8a0a0f8bbbbd58359485e49230d31b98bd6c8841ecacf1a5ea840a32afdacc4addbe&scene=27#wechat_redirect,INANDON丝滑飘逸腰带装饰半裙、优雅V领贝壳扣连衣裙、柔美简约气质套装,连叔好货,http://mmbiz.qpic.cn/mmbiz_jpg/KKlWx3o7UM15yHb1aQtYkl0zXYNUs9jR6iaNqqAGjyN4kibWgEz5sGicM20K7MuagiaEibJtyM1aWhh2X9IswAoPK7g/0?wx_fmt=jpeg,https://shop42117076.m.youzan.com/v2/feature/AogST0TN2v,否,6,否,中国,福建,4830,0,3,0
2022-05-20,爱是少年,http://mp.weixin.qq.com/s?__biz=MjM5NDU0Mjk2MQ==&mid=2651783811&idx=1&sn=cd91a65763f3957ecbe1a98807fe6f56&chksm=bd7d869d8a0a0f8b935b5f7269be3447e630eb99142040705d37d9e68ba72f0f7c18255eb12c&scene=27#wechat_redirect,祝你们相亲相爱。,连岳,http://mmbiz.qpic.cn/mmbiz_jpg/KKlWx3o7UM3nNxlaAPV1pjErY7rDXHwuLagADDBV0hupJwU4bFS0foAUBcZhnIn97nObxu8vXGOaIWhcKsibicwQ/0?wx_fmt=jpeg,https://shop42117076.m.youzan.com/v2/feature/SxzO8NdFjA,否,1,否,中国,福建,100001,389,1137,89
2022-05-19,能“偷懒”的精致，优雅知性连衣裙，通勤好选择,http://mp.weixin.qq.com/s?__biz=MjM5NDU0Mjk2MQ==&mid=2651783783&idx=2&sn=2996bf9e6ee372a7a01884df3f19061f&chksm=bd7d86798a0a0f6f32ad70c3f3567f3d7f74299077ad4cc5c954296323b6d21078213e99e437&scene=27#wechat_redirect,INANDON不易皱垂顺显瘦连衣裙、干练西装翻领连衣裙,连叔好货,http://mmbiz.qpic.cn/mmbiz_jpg/KKlWx3o7UM0ia2ia6ePicO1O7ouNK9kFTnPnxd7ql99gzsW8MZt8LnsOVOHnS723A1ed0NBYtYRCiciaW8O72S8s9Qw/0?wx_fmt=jpeg,https://shop42117076.m.youzan.com/v2/feature/AogST0TN2v,是,2,否,中国,福建,32943,4,15,0
2022-05-19,许你锦鲤，畅游书海,http://mp.weixin.qq.com/s?__biz=MjM5NDU0Mjk2MQ==&mid=2651783783&idx=3&sn=3771e494fcb38f7a96c184b4b3e715e2&chksm=bd7d86798a0a0f6f81bf02f00ec687db1d896ca1cb7384d9f756334f731616158176a2803b08&scene=27#wechat_redirect,手心里书签,连叔好货,http://mmbiz.qpic.cn/mmbiz_jpg/KKlWx3o7UM3fVwmBUGM6VnNjz0FXlRE74qyhuibrEE6ibZp9lnF6K4F9ALJQ9Bj8szvx8fcAeaeqbWdL5KibwaPzQ/0?wx_fmt=jpeg,https://shop42117076.m.youzan.com/v2/feature/AogST0TN2v,否,3,否,中国,福建,2837,1,5,0
2022-05-19,名家选目，专业释评，不再做古典文学中的无头苍蝇！,http://mp.weixin.qq.com/s?__biz=MjM5NDU0Mjk2MQ==&mid=2651783783&idx=4&sn=301cd75e6c7fec637e7311404df09752&chksm=bd7d86798a0a0f6f3258b6bbee1e575aa6c0b96ff23a727deb53f9f73652671b366007bbdf56&scene=27#wechat_redirect,《名家视角丛书》（全10册）,连岳读书,http://mmbiz.qpic.cn/mmbiz_jpg/KKlWx3o7UM3HV9QUFL9U0fzC7KYmwSFHI69jA50WGGgtGJzVtKPqasv54Y5g0CSQV3pJpKWvEdxJrdZ8IuW2Rw/0?wx_fmt=jpeg,https://shop42117076.m.youzan.com/v2/feature/SxzO8NdFjA,否,4,否,中国,福建,1082,1,3,0
2022-05-19,写给你看的设计书,http://mp.weixin.qq.com/s?__biz=MjM5NDU0Mjk2MQ==&mid=2651783783&idx=5&sn=4d9bbe4b5f71b859fd6b3660cea8e5ad&chksm=bd7d86798a0a0f6f2ef948fe37e0b6bc74bdce66f5cea81b710e65ea56ef1394374ae48bf6b4&scene=27#wechat_redirect,《写给大家看的设计书》（第4版）,连岳读书,http://mmbiz.qpic.cn/mmbiz_jpg/KKlWx3o7UM2jSLibOXekibtQeBInkicQP0UdgTXA3NpL6E0s2NbwFOvfd5cSxhVIX3ptFtb1gb4UibRkoO6tjUFRNg/0?wx_fmt=jpeg,https://shop42117076.m.youzan.com/v2/feature/SxzO8NdFjA,否,5,否,中国,福建,1606,0,6,0
2022-05-19,3秒即溶，一口精神，超高性价比的云南黑咖啡,http://mp.weixin.qq.com/s?__biz=MjM5NDU0Mjk2MQ==&mid=2651783783&idx=6&sn=f63a43f74b5d7c0ffa11f4c15a3fe7d8&chksm=bd7d86798a0a0f6f80d4c46ff0ef759809ded1f9e53449df5b24c3f4909cc21325fe2a94dfa5&scene=27#wechat_redirect,和菜头云南黑咖啡、云南黑咖啡大象巡游纪念款、能量速溶型云南黑咖啡,连叔好货,http://mmbiz.qpic.cn/mmbiz_jpg/1J0k1qVjPN2gBZ2Q4Cic1TnLmfVDOOtXZUHvLb59M0FPMZZCAibTJJiamAsRwhaQRia4lp7qjp0XA4vrIdXN3kIqfA/0?wx_fmt=jpeg,https://shop42117076.m.youzan.com/v2/feature/AogST0TN2v,否,6,否,中国,福建,2109,1,4,0
2022-05-19,要想事事变好，做到两点即可,http://mp.weixin.qq.com/s?__biz=MjM5NDU0Mjk2MQ==&mid=2651783783&idx=1&sn=08af120155379e14b0f44a55df2c95bc&chksm=bd7d86798a0a0f6fb4935ae7a7853ce121e3fd2a3b35982e6c9430ccda417e7987f32b04b521&scene=27#wechat_redirect,不忮不求，何用不臧。,连岳,http://mmbiz.qpic.cn/mmbiz_jpg/KKlWx3o7UM0ia2ia6ePicO1O7ouNK9kFTnPbCJJibwiaicicvzD6W890S9jCVbyDkte0gN3Hb0OD9egEGZSz3JCNiagKEw/0?wx_fmt=jpeg,https://shop42117076.m.youzan.com/v2/feature/SxzO8NdFjA,是,1,否,中国,福建,100001,1157,3976,63
2022-05-18,小朋友，世上最好吃的是什么？,http://mp.weixin.qq.com/s?__biz=MjM5NDU0Mjk2MQ==&mid=2651783749&idx=2&sn=6c175a31441c66d6c832de22b2cc14c7&chksm=bd7d865b8a0a0f4d29e82f9e26e46b1565324c91fe893db8f75f4455646fc3ece0ead9ea6e41&scene=27#wechat_redirect,东方娃娃“食物认知”主题绘本套装（共3册）,连岳读书,http://mmbiz.qpic.cn/mmbiz_jpg/1J0k1qVjPN17amFtpJ3BtZSj09Z2Zcc5mRFPB4BBEOVnUj3uqO1H29uwxq1ke2dYBKLFBItAbibBbUIcibGx6mCg/0?wx_fmt=jpeg,https://shop42117076.m.youzan.com/v2/feature/SxzO8NdFjA,是,2,否,中国,福建,16290,10,19,0
2022-05-18,灵动飘逸的夏日印花连衣裙，尽显浪漫法式风情,http://mp.weixin.qq.com/s?__biz=MjM5NDU0Mjk2MQ==&mid=2651783749&idx=3&sn=1dd40ed08813ec68ef41d5282d1869a3&chksm=bd7d865b8a0a0f4dda02d7025b102f0c0437ddb843feac6be3b0bd32608e6957a54267f87b04&scene=27#wechat_redirect,INANDON夏日棉麻印花连衣裙、优雅印花裹身连衣裙，,连叔好货,http://mmbiz.qpic.cn/mmbiz_jpg/KKlWx3o7UM032HicVTJ3q7ia19t1MRXgmEw216Z6vOpYHqnP7hSIRaBdr3UZzpT8uUPd6eoxqnlvPzlichwBpmz0g/0?wx_fmt=jpeg,https://shop42117076.m.youzan.com/v2/feature/AogST0TN2v,否,3,否,中国,福建,5662,1,2,0
2022-05-18,让你爱上喝水的水壶，渐变高颜值，省心大容量,http://mp.weixin.qq.com/s?__biz=MjM5NDU0Mjk2MQ==&mid=2651783749&idx=4&sn=e06094fd012308cc1bc26ec8ed28a8c9&chksm=bd7d865b8a0a0f4d1cffeeab7369a56e8de93b49013c32de2c1616318724cd761e10ed9ab6e5&scene=27#wechat_redirect,VenturePal潮流运动水壶,连叔好货,http://mmbiz.qpic.cn/mmbiz_jpg/KKlWx3o7UM23FaAAApFPtpdpdYVgPN5c2fSUzupoep6LgChdSUp6ojfxfkJUmSRribialdZTMyWMgPBQgXelAHYw/0?wx_fmt=jpeg,https://shop42117076.m.youzan.com/v2/feature/AogST0TN2v,否,4,否,中国,福建,2460,0,0,0
2022-05-18,连岳，我最想推荐的一本中国哲学史,http://mp.weixin.qq.com/s?__biz=MjM5NDU0Mjk2MQ==&mid=2651783749&idx=5&sn=c33cd7a5a6587256c2980f6750af17c8&chksm=bd7d865b8a0a0f4d256e82b5f8a9ad4d5cf483a2ae82530fe415684058065c31200f172f2c80&scene=27#wechat_redirect,冯友兰哲学三史,连岳,http://mmbiz.qpic.cn/mmbiz_jpg/KKlWx3o7UM032HicVTJ3q7ia19t1MRXgmER7TTCeFrCia1qpicK4v3aBwSQmuKVotSiceoVwfTfhdncrdODDjwkKiaKQ/0?wx_fmt=jpeg,https://shop42117076.m.youzan.com/v2/feature/SxzO8NdFjA,否,5,否,中国,福建,3229,5,11,1
2022-05-18,从18个方面教会孩子保护自己和爱自己,http://mp.weixin.qq.com/s?__biz=MjM5NDU0Mjk2MQ==&mid=2651783749&idx=6&sn=2d5aeae898937ccbea9d5f88b5aaa17a&chksm=bd7d865b8a0a0f4df42b1233dbc178e51002d7156d28a393eb8078692a0070a8605f044182ba&scene=27#wechat_redirect,《学会爱自己（十年精选）》（全18册）,连岳读书,http://mmbiz.qpic.cn/mmbiz_jpg/1J0k1qVjPN3YdDic8RFkwlerDDNazvt0koALRsByjAqhSJkX5lg4Kt3WEZ3wialPZB5sCyJhwgjRorAdI7pW9Z2g/0?wx_fmt=jpeg,https://shop42117076.m.youzan.com/v2/feature/SxzO8NdFjA,否,6,否,中国,福建,2567,2,7,0
2022-05-18,一条重要的人生经验：我不轻诺，但适当看轻你的诺,http://mp.weixin.qq.com/s?__biz=MjM5NDU0Mjk2MQ==&mid=2651783749&idx=1&sn=902123510f9ed40e662cd5cd2b580840&chksm=bd7d865b8a0a0f4dedddbb61c1c04dfbf917dd080629d483fcc3452e255200e3e3bfd0f2a8fe&scene=27#wechat_redirect,不脱离主要任务。,连岳,http://mmbiz.qpic.cn/mmbiz_jpg/KKlWx3o7UM032HicVTJ3q7ia19t1MRXgmErBvcLlw1ciaJicH4YVeicprStXf3WgNpKvubIxkwZtBtYATlMpVcNaz9A/0?wx_fmt=jpeg,https://shop42117076.m.youzan.com/v2/feature/SxzO8NdFjA,是,1,否,中国,福建,100001,1249,4371,69
2022-05-17,灵动飘逸的夏日印花连衣裙，尽显浪漫法式风情,http://mp.weixin.qq.com/s?__biz=MjM5NDU0Mjk2MQ==&mid=2651783724&idx=2&sn=404dffb79368bf9482301288bce42eb4&chksm=bd7d86328a0a0f242b371c2a3cbec741c88cba372e1fb2f4a8a249e9903ef57a17a6624e1568&scene=27#wechat_redirect,INANDON夏日棉麻印花连衣裙、优雅印花裹身连衣裙，,连叔好货,http://mmbiz.qpic.cn/mmbiz_jpg/KKlWx3o7UM1v0uZzFxRFwst2W91w0338L47LjzatNQxvqSpwY6Npvicia2ibqPg9PCU1JP8XyFoJSxY42CjuXCS1A/0?wx_fmt=jpeg,https://shop42117076.m.youzan.com/v2/feature/AogST0TN2v,是,2,否,中国,福建,20628,6,15,0
2022-05-17,美学宗师朱光潜带你一探西方美学思想起源之作,http://mp.weixin.qq.com/s?__biz=MjM5NDU0Mjk2MQ==&mid=2651783724&idx=3&sn=0d455487c0d6fa865a5c37758ec04a72&chksm=bd7d86328a0a0f24a8da5cc8c6ce72a1a99b2017cb1a84ee6d5e2c6b359e2bd35bb1eeb658de&scene=27#wechat_redirect,《柏拉图文艺对话集》,连岳读书,http://mmbiz.qpic.cn/mmbiz_jpg/KKlWx3o7UM1v0uZzFxRFwst2W91w0338wWhrhbzokibHrO0LvvAFWGWLicdCsPruEgreA9zTuyzw9dBORRGibM7icw/0?wx_fmt=jpeg,https://shop42117076.m.youzan.com/v2/feature/SxzO8NdFjA,是,3,否,中国,福建,1407,0,4,0
2022-05-17,帮孩子上好“交朋友”的成长必修课,http://mp.weixin.qq.com/s?__biz=MjM5NDU0Mjk2MQ==&mid=2651783724&idx=4&sn=112ed8a5ee30aabe1f4d625a7908bd7c&chksm=bd7d86328a0a0f24751722029e6febe67a85c355e6795f322ecf161c689c3d5cc3ef80d0eabe&scene=27#wechat_redirect,东方娃娃友谊主题套装（共2册），,连岳读书,http://mmbiz.qpic.cn/mmbiz_jpg/KKlWx3o7UM10V6v2C3vqPNZqlibCBQNgjNGTyyVAOpTYxcmY8MibBkIJH8jj27EWPQicJSJXHvibYaseJdI6Hia8Spw/0?wx_fmt=jpeg,https://shop42117076.youzan.com/v2/feature/SxzO8NdFjA,否,4,否,中国,福建,2507,0,4,1
2022-05-17,如何与孩子谈爱情？,http://mp.weixin.qq.com/s?__biz=MjM5NDU0Mjk2MQ==&mid=2651783724&idx=5&sn=a50a20baa857cf9d3d81c413ed6eb3bd&chksm=bd7d86328a0a0f243201832b477d531a72bee1d0b2665379ab66fcd8fcaebfc2dd28ff26aa90&scene=27#wechat_redirect,东方娃娃“爱情”主题绘本套装（共2册）,连岳读书,http://mmbiz.qpic.cn/mmbiz_jpg/KKlWx3o7UM30Q9bJxTLMCueDbia8SgmRkpywrcw6FpqfE91n72X6kc0wR3ViaSvGlLY1syiboPf3PkjGuC7hAvVcA/0?wx_fmt=jpeg,https://shop42117076.m.youzan.com/v2/feature/SxzO8NdFjA,否,5,否,中国,福建,4206,5,17,0
2022-05-17,渐变色，大容量，喝水也能这么炫酷,http://mp.weixin.qq.com/s?__biz=MjM5NDU0Mjk2MQ==&mid=2651783724&idx=6&sn=0adf0fa161d8edba9e1342ac87e1d8a4&chksm=bd7d86328a0a0f2438c45e571cd4c4ab45a11d75dd560e77b7f76a8d25e09dcc8d0e3857d86b&scene=27#wechat_redirect,VenturePal潮流运动水壶,连叔好货,http://mmbiz.qpic.cn/mmbiz_jpg/KKlWx3o7UM1v0uZzFxRFwst2W91w0338LyRwf6wfOiaTJ9RjpIUvoAbFjumzdbeicaRwZTxl9X4kiaoVYoBEWiasog/0?wx_fmt=jpeg,https://shop42117076.m.youzan.com/v2/feature/AogST0TN2v,否,6,否,中国,福建,1919,0,4,0
2022-05-17,你吃的苦，就是你给的浪漫,http://mp.weixin.qq.com/s?__biz=MjM5NDU0Mjk2MQ==&mid=2651783724&idx=1&sn=ccddc708827ddb158ec5313b736dc0e0&chksm=bd7d86328a0a0f249d0b9ee570658cf83735d1549d430e368ea4f30815300c35692dfe488efb&scene=27#wechat_redirect,浪漫的两个层次。,连岳,http://mmbiz.qpic.cn/mmbiz_jpg/KKlWx3o7UM1v0uZzFxRFwst2W91w0338kt6ehorxr75eschjXcoJmCAzGSSgTjvKM8zXnib9eBz8Oqak8ziafQjA/0?wx_fmt=jpeg,https://shop42117076.m.youzan.com/v2/feature/SxzO8NdFjA,是,1,否,中国,福建,100001,1292,3967,92
2022-05-16,一年四季都能用的水感防晒，上脸隐形，高倍耐晒,http://mp.weixin.qq.com/s?__biz=MjM5NDU0Mjk2MQ==&mid=2651783698&idx=2&sn=d1307ea6b2941c8e6d1829faf347d73a&chksm=bd7d860c8a0a0f1acf4fe86a4d6f760482c5f739afdf72671a816c3e0a27133be841d4b3c300&scene=27#wechat_redirect,怡思丁防晒液,连叔好货,http://mmbiz.qpic.cn/mmbiz_jpg/KKlWx3o7UM0icqDAAUnN6BXhtrQfPoPUibf1iaRo8WoYnq4fpGuKnDdvibcy8bjeOqryqGAvDib4GEd1ibavp2V7satA/0?wx_fmt=jpeg,https://shop42117076.m.youzan.com/v2/feature/AogST0TN2v,否,2,否,中国,福建,7029,2,4,0
2022-05-16,让你爱上喝水的水壶，渐变高颜值，省心大容量,http://mp.weixin.qq.com/s?__biz=MjM5NDU0Mjk2MQ==&mid=2651783698&idx=3&sn=53394892d637fc2b5ee82339348e64e6&chksm=bd7d860c8a0a0f1aef51aa76484dcb2417e4d60ec754731ff16f6a261438b7ff17403be121ad&scene=27#wechat_redirect,VenturePal潮流运动水壶,连叔好货,http://mmbiz.qpic.cn/mmbiz_jpg/KKlWx3o7UM23FaAAApFPtpdpdYVgPN5c2fSUzupoep6LgChdSUp6ojfxfkJUmSRribialdZTMyWMgPBQgXelAHYw/0?wx_fmt=jpeg,https://shop42117076.m.youzan.com/v2/feature/AogST0TN2v,否,3,否,中国,福建,3455,0,2,0
2022-05-16,一分钟冲出好豆浆！豆香浓郁，好喝营养,http://mp.weixin.qq.com/s?__biz=MjM5NDU0Mjk2MQ==&mid=2651783698&idx=4&sn=7bba24f00f329b08fb3936f3cbbf0bc8&chksm=bd7d860c8a0a0f1aa5be93e77c4cc6f0383236e113917e12a22821ce9ca704ca800fabafef48&scene=27#wechat_redirect,喜善花房特浓本味豆浆、特浓本味黑豆浆,连叔好货,http://mmbiz.qpic.cn/mmbiz_jpg/1J0k1qVjPN27nRpKmaic08mGU72sX7m11qlK2vnZ4Ft5RxVE34kNibY8iaUWbOMf6JNicDtHiakqfPXj7fDzHwDsmuQ/0?wx_fmt=jpeg,https://shop42117076.m.youzan.com/v2/feature/AogST0TN2v,否,4,否,中国,福建,2193,1,3,0
2022-05-16,勇敢点！就这么做自己，有何不可？,http://mp.weixin.qq.com/s?__biz=MjM5NDU0Mjk2MQ==&mid=2651783698&idx=5&sn=92f3f7d5b1489550f0f3f7ce520f4298&chksm=bd7d860c8a0a0f1a4b8dd665f2348b8cacfb4fa2f9b6b490743760b0ea8ff2c1fcb18bbe1465&scene=27#wechat_redirect,东方娃娃“自我成长”主题绘本套装（共6册）,连岳读书,http://mmbiz.qpic.cn/mmbiz_jpg/1J0k1qVjPN1T5FJqWoa5d8FzAnvYqoHTzb53xWQlEjJ9VlghuJbh9k3BnhGUrp8x4nrcOS2W1KMzGEZp56LneA/0?wx_fmt=jpeg,https://shop42117076.m.youzan.com/v2/feature/SxzO8NdFjA,否,5,否,中国,福建,2265,0,6,0
2022-05-16,你是我的好朋友，我是你的跟屁虫,http://mp.weixin.qq.com/s?__biz=MjM5NDU0Mjk2MQ==&mid=2651783698&idx=6&sn=990e68d0c22ef1ea919433a2b34a2cc8&chksm=bd7d860c8a0a0f1a1089745f7cddec8234e75caf8dad54e901f8b9b2472b26fd7ed74b7c56b2&scene=27#wechat_redirect,东方娃娃“包容与分享“主题绘本套装（共2册）,连岳读书,http://mmbiz.qpic.cn/mmbiz_jpg/KKlWx3o7UM2BdYcdN6JgAbdRLBB2vBeb11ox7MK3iahZQUdzhnhQotFyjJ3icSrXd6feliaBeNyDhN6ocqlUOtuiaQ/0?wx_fmt=jpeg,https://shop42117076.m.youzan.com/v2/feature/SxzO8NdFjA,否,6,否,中国,福建,1587,0,1,0
2022-05-16,看得到，尝不到，年轻时的一个焦虑来源,http://mp.weixin.qq.com/s?__biz=MjM5NDU0Mjk2MQ==&mid=2651783698&idx=1&sn=6df940851f3c0d9bb0c91e910a395145&chksm=bd7d860c8a0a0f1a603bda3579a8b1ae99fc9c3c0cbf2eb801bc77f017c2f2043ab973c7ddc3&scene=27#wechat_redirect,正常的生活为何变得不正常？,连岳,http://mmbiz.qpic.cn/mmbiz_jpg/KKlWx3o7UM0B0SibFBSEGTFdWBRxzYMw7fDbILKEnluwQSoVHy9ANSJpbBhjooxEb3x0kpuvNtQQ6icnlFWodnLA/0?wx_fmt=jpeg,https://shop42117076.m.youzan.com/v2/feature/SxzO8NdFjA,是,1,否,中国,福建,100001,807,2424,57
2022-05-15,让你爱上喝水的水壶，渐变高颜值，省心大容量,http://mp.weixin.qq.com/s?__biz=MjM5NDU0Mjk2MQ==&mid=2651783675&idx=2&sn=5f6dd9b5f233006cac6e8d3264939423&chksm=bd7d85e58a0a0cf35da32b86cfa6d8b4805f33e1fafe1045ad412855752985508be88bc4db98&scene=27#wechat_redirect,VenturePal潮流运动水壶,连叔好货,http://mmbiz.qpic.cn/mmbiz_jpg/KKlWx3o7UM23FaAAApFPtpdpdYVgPN5c2fSUzupoep6LgChdSUp6ojfxfkJUmSRribialdZTMyWMgPBQgXelAHYw/0?wx_fmt=jpeg,https://shop42117076.m.youzan.com/v2/feature/AogST0TN2v,是,2,否,中国,福建,17627,4,7,0
2022-05-15,自带3D特效的互动式绘本，上树下海，“翻”乐无穷,http://mp.weixin.qq.com/s?__biz=MjM5NDU0Mjk2MQ==&mid=2651783675&idx=3&sn=10cddbb4f1f5cfd0e86eaedc56367267&chksm=bd7d85e58a0a0cf3a33a8c98742817fc5a5053cf48043c7d01c95cf7e3159efe496b6f8ac88b&scene=27#wechat_redirect,《爬爬爬爬上树》《游游游游下海》（共2册）,连岳读书,http://mmbiz.qpic.cn/mmbiz_jpg/KKlWx3o7UM23FaAAApFPtpdpdYVgPN5coSe90kxumVVibDmibKI6Grk0srZsVJP9kvbn0V0Smmg3N8oj60rOKC7w/0?wx_fmt=jpeg,https://shop42117076.m.youzan.com/v2/feature/SxzO8NdFjA,否,3,否,中国,福建,1828,0,3,0
2022-05-15,自然这么美，当然要好好欣赏，用心记录,http://mp.weixin.qq.com/s?__biz=MjM5NDU0Mjk2MQ==&mid=2651783675&idx=4&sn=1daa734fd15fb8104806985100e3eaea&chksm=bd7d85e58a0a0cf3af583d46bd1226a83b666fb073c60e5db6211c37ddfb67f4d6cc0e864374&scene=27#wechat_redirect,《自然观察笔记》《自然观察笔记125例：，培养板报小能手》（全2册）,连岳读书,http://mmbiz.qpic.cn/mmbiz_jpg/KKlWx3o7UM3fVwmBUGM6VnNjz0FXlRE7TVn68GE79efeq4Nksr6h2oBvFjicmIeBtCDUrTZsK3j0C4rFe2lbcpQ/0?wx_fmt=jpeg,https://shop42117076.m.youzan.com/v2/feature/SxzO8NdFjA,否,4,否,中国,福建,1592,1,2,0
2022-05-15,60年后重读经典，思考城市的未来,http://mp.weixin.qq.com/s?__biz=MjM5NDU0Mjk2MQ==&mid=2651783675&idx=5&sn=4bcc98e2e30766fe47698b07496785db&chksm=bd7d85e58a0a0cf3099ae1d03503567d231d501bf2715b9fee7989a436d8709b23bb548fff55&scene=27#wechat_redirect,《美国大城市的死与生》（60周年致敬版）,时行·连岳读书,http://mmbiz.qpic.cn/mmbiz_jpg/KKlWx3o7UM37ZBNPg3VQhgkGvyeyXjewfb2UKYKJCkGqhs5YPezeW5xtD4Gr4fN5mDEKWIS9Eho05MvO4ib1aIg/0?wx_fmt=jpeg,https://shop42117076.m.youzan.com/v2/feature/SxzO8NdFjA,否,5,否,中国,福建,1778,3,7,0
2022-05-15,可盐可甜，轻薄显瘦，有点小心机的短袖西装和针织连衣裙,http://mp.weixin.qq.com/s?__biz=MjM5NDU0Mjk2MQ==&mid=2651783675&idx=6&sn=88544063c8dccdf5fef6ef8d9c90fc08&chksm=bd7d85e58a0a0cf3a1f121b9be6fac035a7ee1eabaa269de4a2fa7c305645cfe117f547c0160&scene=27#wechat_redirect,INANDON轻薄双排扣短袖西装外套、显瘦弹力针织扭结连衣裙,连岳读书,http://mmbiz.qpic.cn/mmbiz_jpg/KKlWx3o7UM0c8EreHaEljIE1UReppbStx6R4u60nonOShGTd0b5RTr39RfJoMyrtyDEpxsW8EZHuiaKo4T1v6SQ/0?wx_fmt=jpeg,,否,6,否,中国,福建,6007,3,3,0
2022-05-15,爱就这么来了,http://mp.weixin.qq.com/s?__biz=MjM5NDU0Mjk2MQ==&mid=2651783675&idx=1&sn=0876243595b0de3dcd93af0168991c50&chksm=bd7d85e58a0a0cf3a5a385059dce7b70d07cde2517e5711dea4c3d2dc9314b3503e6f6a0f0e7&scene=27#wechat_redirect,从每一次爱中，得到养料。,连岳,http://mmbiz.qpic.cn/mmbiz_jpg/KKlWx3o7UM23FaAAApFPtpdpdYVgPN5cWgNCKafnEFqR79QNXjdWXEcQUdB8qHvRguCia0y5l1ibrgribnfp0DQ3A/0?wx_fmt=jpeg,https://shop42117076.m.youzan.com/v2/feature/SxzO8NdFjA,是,1,否,中国,福建,100001,857,2652,67
2022-05-14,你是我的好朋友，我是你的跟屁虫,http://mp.weixin.qq.com/s?__biz=MjM5NDU0Mjk2MQ==&mid=2651783639&idx=2&sn=ecff16ff17dc66999471666a5a123cef&chksm=bd7d85c98a0a0cdf6a14cc31023cc2f52f4c48531a098794db8232ba6c2e23a726d2a5c437a5&scene=27#wechat_redirect,东方娃娃“包容与分享“主题绘本套装（共2册）,连岳读书,http://mmbiz.qpic.cn/mmbiz_jpg/KKlWx3o7UM2BdYcdN6JgAbdRLBB2vBeb11ox7MK3iahZQUdzhnhQotFyjJ3icSrXd6feliaBeNyDhN6ocqlUOtuiaQ/0?wx_fmt=jpeg,https://shop42117076.m.youzan.com/v2/feature/SxzO8NdFjA,是,2,否,中国,福建,12747,3,7,0
2022-05-14,渐变色，大容量，喝水也能这么炫酷,http://mp.weixin.qq.com/s?__biz=MjM5NDU0Mjk2MQ==&mid=2651783639&idx=3&sn=828caaaf312f407e440205d508efc195&chksm=bd7d85c98a0a0cdf2afb845f74c86ff2f5ffac54e5d644525927afc4a61660fee14824b6f999&scene=27#wechat_redirect,VenturePal潮流运动水壶,连叔好货,http://mmbiz.qpic.cn/mmbiz_jpg/KKlWx3o7UM2kjuNpRIzeSe9gBKafqnbickhyM4tQng5NWpujW6ibEPzK48dtiaUjrs8cNXGgmZGtslPlEibRDSTtpQ/0?wx_fmt=jpeg,https://shop42117076.m.youzan.com/v2/feature/AogST0TN2v,否,3,否,中国,福建,3818,1,4,0
2022-05-14,温和高效卸妆水，清爽无残留，保温不紧绷,http://mp.weixin.qq.com/s?__biz=MjM5NDU0Mjk2MQ==&mid=2651783639&idx=4&sn=7ec2ff9a71607f501c0c86dcf8802601&chksm=bd7d85c98a0a0cdfa1c8a0eaa5484f825747c0cc8f89dca33c739a76e10f21a518336d69b9b1&scene=27#wechat_redirect,怡思丁玻尿酸精华原液面部补水小安瓶、四效合一卸妆洁肤水,连叔好货,http://mmbiz.qpic.cn/mmbiz_jpg/KKlWx3o7UM2BdYcdN6JgAbdRLBB2vBebp5bc1RfzkYKdbNqHEzZ7JrghPvff5bpuqQBvSNgHWxS6dnAamNGriaA/0?wx_fmt=jpeg,https://shop42117076.m.youzan.com/v2/feature/AogST0TN2v,是,4,否,中国,福建,1398,0,2,1
2022-05-14,牙齿百科全书，如何保持一口好牙的终极指南,http://mp.weixin.qq.com/s?__biz=MjM5NDU0Mjk2MQ==&mid=2651783639&idx=5&sn=ae66d77a467795c5c664d85e23417f99&chksm=bd7d85c98a0a0cdf881fb17372dbb9e876882af4c609afe6dc7c0c45a67eb802fe2910b9927e&scene=27#wechat_redirect,《牙齿之书：如何保持一口好牙的终极指南》,连岳读书,http://mmbiz.qpic.cn/mmbiz_jpg/KKlWx3o7UM04c8aVJPHia241JRZ8Erv7xBmuWT5gXRSVp0QmAj2eKqKlRRiaA6QFebsS756mIrRqtmVwtOpKWp2w/0?wx_fmt=jpeg,https://shop42117076.m.youzan.com/v2/feature/SxzO8NdFjA,否,5,否,中国,福建,1581,3,8,0
2022-05-14,十多年前就呼吁国内大循环的学者告诉你什么是国内大循环,http://mp.weixin.qq.com/s?__biz=MjM5NDU0Mjk2MQ==&mid=2651783639&idx=6&sn=21051c19c2b329d837142736e62475c2&chksm=bd7d85c98a0a0cdfd1f65d27789d425e1f15b9849cfefbe321d85e9b92b0d7e5ac8e7ed3cbac&scene=27#wechat_redirect,《国内大循环：经济发展新战略与政策选择》,连岳读书,http://mmbiz.qpic.cn/mmbiz_jpg/KKlWx3o7UM2056XvefSXlNbUMZDIqWPicUVhncLxoWKJyjUCibEjDQ9RZYbpryMtCYnbiaAAGXbgXK7rvM62pncAA/0?wx_fmt=jpeg,https://shop42117076.m.youzan.com/v2/feature/SxzO8NdFjA,否,6,否,中国,福建,1943,2,7,1
2022-05-14,度过必经的“暗黑劫”，保有人生的最大资本,http://mp.weixin.qq.com/s?__biz=MjM5NDU0Mjk2MQ==&mid=2651783639&idx=1&sn=f5d3a146882c87c51c795ee4f65d84dc&chksm=bd7d85c98a0a0cdf11c1491b8c13adafcdab69e658af9be0fad12e0b850f913376aa51d2b3ad&scene=27#wechat_redirect,光明、中庸、相信。,连岳,http://mmbiz.qpic.cn/mmbiz_jpg/KKlWx3o7UM23FaAAApFPtpdpdYVgPN5coM74XFfzDvOOBd5LnmDOmWrI1icqx7EY9C2RyCZJBJTlb0vCC91gzqA/0?wx_fmt=jpeg,https://shop42117076.m.youzan.com/v2/feature/SxzO8NdFjA,是,1,否,中国,福建,100001,589,1498,54
2022-05-13,看看我们的“神山圣水”，三江源国家公园自然图鉴,http://mp.weixin.qq.com/s?__biz=MjM5NDU0Mjk2MQ==&mid=2651783601&idx=2&sn=efff639a1390e94c06c17022b8785c55&chksm=bd7d85af8a0a0cb9c4f1295f178224fb73ae757725430aa2fa87f21ccac16cce34d9e0de5631&scene=27#wechat_redirect,《三江源国家公园自然图鉴》,连岳读书,http://mmbiz.qpic.cn/mmbiz_jpg/KKlWx3o7UM0c8EreHaEljIE1UReppbSt2D3vtrqpyCrBCTHvShK0c3gTD4Sib2nlX889VXUvqWlh61EoapkKEbg/0?wx_fmt=jpeg,https://shop42117076.m.youzan.com/v2/feature/SxzO8NdFjA,是,2,否,中国,福建,4900,9,18,1
2022-05-13,可盐可甜，轻薄显瘦，有点小心机的短袖西装和针织连衣裙,http://mp.weixin.qq.com/s?__biz=MjM5NDU0Mjk2MQ==&mid=2651783601&idx=3&sn=de4d72bc8d5ba9eebd4a4753818f9b2b&chksm=bd7d85af8a0a0cb957f55f6878f46e5f061b991d33d97c0b5593129143a649324428c7217c03&scene=27#wechat_redirect,INANDON轻薄双排扣短袖西装外套、显瘦弹力针织扭结连衣裙,连岳读书,http://mmbiz.qpic.cn/mmbiz_jpg/KKlWx3o7UM0c8EreHaEljIE1UReppbStx6R4u60nonOShGTd0b5RTr39RfJoMyrtyDEpxsW8EZHuiaKo4T1v6SQ/0?wx_fmt=jpeg,https://shop42117076.m.youzan.com/v2/feature/AogST0TN2v,是,3,否,中国,福建,10140,0,13,0
2022-05-13,硬科技，大国竞争的前沿,http://mp.weixin.qq.com/s?__biz=MjM5NDU0Mjk2MQ==&mid=2651783601&idx=4&sn=e10f8c977ce64e4872c4719bfb8e366b&chksm=bd7d85af8a0a0cb9a431eda1fc58c91ba92b2555f0763ee1be49b89e1a1c6cfa743e14c0f0f6&scene=27#wechat_redirect,《硬科技：大国竞争的前沿》,李培根,http://mmbiz.qpic.cn/mmbiz_jpg/KKlWx3o7UM3o4Ua3Ht7bKlvPwOlPjllRpeZ9m4zShbpROBvz7DF1pYAWgNPuzUZW4RicByauUCcOfQT6lJpHVvA/0?wx_fmt=jpeg,https://shop42117076.m.youzan.com/v2/feature/SxzO8NdFjA,否,4,否,中国,福建,1034,2,3,0
2022-05-13,化解成长常见难题，勇敢长大,http://mp.weixin.qq.com/s?__biz=MjM5NDU0Mjk2MQ==&mid=2651783601&idx=5&sn=6a9d2f17be2ba110bbef5f18348df17e&chksm=bd7d85af8a0a0cb9f090e095222bdb2158ff6f9dd6ef6d5b0dcf47c34ca35f80c5241981f91c&scene=27#wechat_redirect,勇敢长大系列绘本（全4册）,连岳读书,http://mmbiz.qpic.cn/mmbiz_jpg/KKlWx3o7UM0c8EreHaEljIE1UReppbSt9ybyu9u1sXTnEicI7zjq2sibSn8V6IhgvDxVkIeQVAOvbQeKIkoQNByw/0?wx_fmt=jpeg,https://shop42117076.m.youzan.com/v2/feature/SxzO8NdFjA,否,5,否,中国,福建,1720,0,1,0
2022-05-13,热爱中文的人，都有本《古文观止》,http://mp.weixin.qq.com/s?__biz=MjM5NDU0Mjk2MQ==&mid=2651783601&idx=6&sn=642300116523873e88ede8df94f6fe44&chksm=bd7d85af8a0a0cb9eb5e24041680a7b8c4123a5575a59e37f6f5291177c945f3281d2f74e9c8&scene=27#wechat_redirect,《古文观止注评》,连岳读书,http://mmbiz.qpic.cn/mmbiz_jpg/KKlWx3o7UM39lbxu0bMr4Vk6MtIDPq7J1lztw4EAMbrtM0jYEvzbY7WBRicaPAGkrcj4WzRmu6DAczVqJeQna1g/0?wx_fmt=jpeg,https://shop42117076.m.youzan.com/v2/feature/SxzO8NdFjA,否,6,否,中国,福建,1848,3,7,0
2022-05-13,路线错了，越努力越迷路,http://mp.weixin.qq.com/s?__biz=MjM5NDU0Mjk2MQ==&mid=2651783601&idx=1&sn=52d89df4cb33dd8534df0e158db18e73&chksm=bd7d85af8a0a0cb9e5756c58210440d4b20e9ebe9871b2a0cf2bae18ebfd5bdd2512fd3e0133&scene=27#wechat_redirect,走长路不能忘了大目标。,连岳,http://mmbiz.qpic.cn/mmbiz_jpg/KKlWx3o7UM0c8EreHaEljIE1UReppbStfyXOYd4pWQ1XicouTcTVHH9btSetQMZU1I8CZLdLIoqG51xMIpQF8qw/0?wx_fmt=jpeg,https://shop42117076.m.youzan.com/v2/feature/SxzO8NdFjA,是,1,否,中国,福建,100001,856,2630,54
2022-05-12,渐变色，大容量，喝水也能这么炫酷,http://mp.weixin.qq.com/s?__biz=MjM5NDU0Mjk2MQ==&mid=2651783573&idx=2&sn=c17571688d999a1df8a791884ea42ea5&chksm=bd7d858b8a0a0c9d553ef8e20fb3830c3f0002b74156c03a03814fff00b6267fb3d07c139034&scene=27#wechat_redirect,VenturePal潮流运动水壶,连叔好货,http://mmbiz.qpic.cn/mmbiz_jpg/KKlWx3o7UM2kjuNpRIzeSe9gBKafqnbickhyM4tQng5NWpujW6ibEPzK48dtiaUjrs8cNXGgmZGtslPlEibRDSTtpQ/0?wx_fmt=jpeg,https://shop42117076.m.youzan.com/v2/feature/AogST0TN2v,是,2,否,中国,福建,14536,5,22,0
2022-05-12,从18个方面教会孩子保护自己和爱自己,http://mp.weixin.qq.com/s?__biz=MjM5NDU0Mjk2MQ==&mid=2651783573&idx=3&sn=592ed067789e97eb526c7a32414bc3f2&chksm=bd7d858b8a0a0c9d41608d4008ed6372a97c7272951afb3ab53795c257d3e81dfe36a6fad15e&scene=27#wechat_redirect,《学会爱自己（十年精选）》（全18册）,连岳读书,http://mmbiz.qpic.cn/mmbiz_jpg/1J0k1qVjPN3YdDic8RFkwlerDDNazvt0koALRsByjAqhSJkX5lg4Kt3WEZ3wialPZB5sCyJhwgjRorAdI7pW9Z2g/0?wx_fmt=jpeg,https://shop42117076.m.youzan.com/v2/feature/SxzO8NdFjA,否,3,否,中国,福建,4097,2,10,0
2022-05-12,中国人神奇而坚韧的“通道—小生境”,http://mp.weixin.qq.com/s?__biz=MjM5NDU0Mjk2MQ==&mid=2651783573&idx=4&sn=2f805b9032f4f75312754055f06c0aed&chksm=bd7d858b8a0a0c9d9bfa3dcea6916d0a01acfefd08e523a7204d43b6a59b5d9ea69a66ab4669&scene=27#wechat_redirect,《他者中的华人》,连岳读书,http://mmbiz.qpic.cn/mmbiz_jpg/KKlWx3o7UM1yNiacMwjm4qvUTlgZXpE1viaQ93fEGYG12TqVU3JMXDKIErib2LpmnYRmyuUVUKtvNTIUDPruj9KTQ/0?wx_fmt=jpeg,https://shop42117076.m.youzan.com/v2/feature/SxzO8NdFjA,否,4,否,中国,福建,2208,1,7,0
2022-05-12,2022年《译林》杂志第三期,http://mp.weixin.qq.com/s?__biz=MjM5NDU0Mjk2MQ==&mid=2651783573&idx=5&sn=18aba6ff393f3b0253a60fe5b1b8e7f0&chksm=bd7d858b8a0a0c9d15b3d2bddf2d0a49ed2d959e8cb945bd9ef600cfff9a8d48af4383c00763&scene=27#wechat_redirect,2022年《译林》杂志第三期,连岳读书,http://mmbiz.qpic.cn/mmbiz_jpg/KKlWx3o7UM1o4HNg86jXgibhmHAmic7sEfVPJjABDnseueThNenMU0mRF4ZUSJHdRzxaSTuXdJNOI9SeIT8pPmnw/0?wx_fmt=jpeg,https://shop42117076.m.youzan.com/v2/feature/SxzO8NdFjA,否,5,否,中国,福建,1538,1,6,0
2022-05-12,高颜值高品质，居家旅行超好用的三款牙刷,http://mp.weixin.qq.com/s?__biz=MjM5NDU0Mjk2MQ==&mid=2651783573&idx=6&sn=2515569000f1abe41522b2cdf05eec3f&chksm=bd7d858b8a0a0c9d66cb5d2be4c142e9586ac1bd2346b94b5c607cce49fd521bd864fc8574f8&scene=27#wechat_redirect,贝医生巴氏牙刷青春版、巴氏牙刷竹洁版，云柔版，,连叔好货,http://mmbiz.qpic.cn/mmbiz_jpg/KKlWx3o7UM3WzJmMpTIKLAxaeUEEKsjrknmYICVXPBUzM3UlqicuYfoP2Ug7yOEicN3Vpn9AKdUzicqb54ynVuw1Q/0?wx_fmt=jpeg,https://shop42117076.m.youzan.com/v2/feature/AogST0TN2v,否,6,否,中国,福建,1632,1,2,0
2022-05-12,人生的没得选，未必是坏事,http://mp.weixin.qq.com/s?__biz=MjM5NDU0Mjk2MQ==&mid=2651783573&idx=1&sn=bac78120e6c064d66b2d9e6662658f67&chksm=bd7d858b8a0a0c9d8cc2ec134455fe546ff1d3e6ac170ac2b6d9c5e6d694df64bddd9f989d76&scene=27#wechat_redirect,分清选择类型，减少选择烦恼。,连岳,http://mmbiz.qpic.cn/mmbiz_jpg/KKlWx3o7UM2kjuNpRIzeSe9gBKafqnbicw67bb95HpVJNFaS0QOENsoNtic0Awj0gbMYic2wjIyNgR6Zspd0sicgrw/0?wx_fmt=jpeg,https://shop42117076.m.youzan.com/v2/feature/SxzO8NdFjA,是,1,否,中国,福建,100001,945,2924,44
2022-05-11,硬科技，大国竞争的前沿,http://mp.weixin.qq.com/s?__biz=MjM5NDU0Mjk2MQ==&mid=2651783396&idx=2&sn=76f1238c6faee4765b3c41ffde45fa68&chksm=bd7d84fa8a0a0decad0d8d442e56f609716dad3ff24ce0586c9f9eb8b8eb7e52d7957b07abc8&scene=27#wechat_redirect,《硬科技：大国竞争的前沿》,李培根,http://mmbiz.qpic.cn/mmbiz_jpg/KKlWx3o7UM3o4Ua3Ht7bKlvPwOlPjllRpeZ9m4zShbpROBvz7DF1pYAWgNPuzUZW4RicByauUCcOfQT6lJpHVvA/0?wx_fmt=jpeg,https://shop42117076.m.youzan.com/v2/feature/SxzO8NdFjA,是,2,否,日本,,7908,15,25,0
2022-05-11,研究中国历史，是每一个进步中国人民应负的责任,http://mp.weixin.qq.com/s?__biz=MjM5NDU0Mjk2MQ==&mid=2651783396&idx=3&sn=165027b6eb6e9634608e225755c35ac4&chksm=bd7d84fa8a0a0dec5df1d568c1f3e3a5d4fc5a64e317622fed4bdd94e5bd1014db3ffff12ff5&scene=27#wechat_redirect,《中国通史简编》,连岳读书,http://mmbiz.qpic.cn/mmbiz_jpg/KKlWx3o7UM0XOzicb5icNGzLmQiaib9v4kYf5rcOqib6wtc2g2q63DuM7Y5olXhBrLINDicvcP7c5KTZXehgHbpZJ0FQ/0?wx_fmt=jpeg,https://shop42117076.m.youzan.com/v2/feature/SxzO8NdFjA,否,3,否,日本,,2549,5,9,0
2022-05-11,不读《论语》不可能当好中国人，甚至不可能理解中国人,http://mp.weixin.qq.com/s?__biz=MjM5NDU0Mjk2MQ==&mid=2651783396&idx=4&sn=58daf905f7e19b9958d123287f3393b4&chksm=bd7d84fa8a0a0dec6bdb572da894afcea804ea2f8ff32b517a6897919298ed2f895435305815&scene=27#wechat_redirect,《古代文史名著选译丛书》珍藏版，,连岳读书,http://mmbiz.qpic.cn/mmbiz_jpg/KKlWx3o7UM3PvZianiaDUXTqKjLDjibk7NjSm0A6V7gny3MtzLnLTgEAOLuXiaGGicE5p6sVQBD5fRytm0OmVSicyeiaQ/0?wx_fmt=jpeg,https://shop42117076.m.youzan.com/v2/feature/SxzO8NdFjA,否,4,否,日本,,2933,3,10,0
2022-05-11,家乡是我们最美的共识,http://mp.weixin.qq.com/s?__biz=MjM5NDU0Mjk2MQ==&mid=2651783396&idx=5&sn=4cc87df0c0c99411c1bdcd805af9d8d0&chksm=bd7d84fa8a0a0dec3da0e012c2230210b9fda885e487f71c2b00646583a1d1bf43ca266938ad&scene=27#wechat_redirect,《我爱我的家乡》，,唐珂,http://mmbiz.qpic.cn/mmbiz_jpg/KKlWx3o7UM2BWLwmVcY84ERtWLLv3KBHPic3StvZQmzcpwz2lGBe6ibvQ6t0GTxnhET5GdoIcaHeCaOyxmssbedg/0?wx_fmt=jpeg,https://shop42117076.m.youzan.com/v2/feature/SxzO8NdFjA,否,5,否,日本,,1407,0,2,1
2022-05-11,舒爽透气又抑菌的蚕丝夏凉被，给你美梦到天亮,http://mp.weixin.qq.com/s?__biz=MjM5NDU0Mjk2MQ==&mid=2651783396&idx=6&sn=34413dda2a79a04cbe81d57288e21c90&chksm=bd7d84fa8a0a0deca58459252ce57d63905a48bc1a457d39520ebbc1e210469ee72bf11567eb&scene=27#wechat_redirect,慈云蚕丝抗菌夏凉被、桑蚕长丝夏凉被、儿童系列纯棉桑蚕丝被,连叔好货,http://mmbiz.qpic.cn/mmbiz_jpg/KKlWx3o7UM1q25luB1MatLb7hxkoQcdMox7v4ic2EaAvkRuibCboQm2Y4HywoogksT2z0dlYkQplpibuAEnVr4b1A/0?wx_fmt=jpeg,https://shop42117076.m.youzan.com/v2/feature/AogST0TN2v,否,6,否,日本,,2416,0,1,0
2022-05-11,我们为什么总是伤害最爱自己的人？,http://mp.weixin.qq.com/s?__biz=MjM5NDU0Mjk2MQ==&mid=2651783396&idx=1&sn=c48bf6b90a0e4dcbe5b28031689e65b2&chksm=bd7d84fa8a0a0decfd473ff13cc1ffdd278158d8cb242d32fcc01a5e0470cbdf6a4a18bb6c6d&scene=27#wechat_redirect,爱的方法。,连岳,http://mmbiz.qpic.cn/mmbiz_jpg/KKlWx3o7UM3o4Ua3Ht7bKlvPwOlPjllRscJTCqiaNuJdib91nD5LibCXYfxqP9PMje9wPIib4uoeGo9gHXPUISnyibw/0?wx_fmt=jpeg,https://shop42117076.m.youzan.com/v2/feature/SxzO8NdFjA,是,1,否,日本,,100001,1232,3815,99
2022-05-10,从18个方面教会孩子保护自己和爱自己,http://mp.weixin.qq.com/s?__biz=MjM5NDU0Mjk2MQ==&mid=2651783315&idx=2&sn=a85c8733bf45bf2416922f0a90c9d8de&chksm=bd7d848d8a0a0d9b5c99817c6e716a108733c536e612fddb0ac462f93ceecd9236ee8e58aaae&scene=27#wechat_redirect,《学会爱自己（十年精选）》（全18册）,连岳读书,http://mmbiz.qpic.cn/mmbiz_jpg/1J0k1qVjPN3YdDic8RFkwlerDDNazvt0koALRsByjAqhSJkX5lg4Kt3WEZ3wialPZB5sCyJhwgjRorAdI7pW9Z2g/0?wx_fmt=jpeg,https://shop42117076.m.youzan.com/v2/feature/SxzO8NdFjA,是,2,否,日本,,15613,11,33,0
2022-05-10,从顽劣儿童到杰出科学家——一个逆袭故事,http://mp.weixin.qq.com/s?__biz=MjM5NDU0Mjk2MQ==&mid=2651783315&idx=3&sn=8e8b5d699a2e4db9aa759c074691a91e&chksm=bd7d848d8a0a0d9bf13d68e25c7e124f505e3c03c0c024eddf87464f11ecfcdb3081ebdcb3c8&scene=27#wechat_redirect,《第一推动丛书·生命系列：解码生命》,连岳读书,http://mmbiz.qpic.cn/mmbiz_jpg/KKlWx3o7UM19Kao6NUswM2Sfdt5YibuIFqL2VIiaeymnaNXicM6JPaGicLxmzCROkmHs4ibz076IbtROXZ1aUjqKUyg/0?wx_fmt=jpeg,https://shop42117076.m.youzan.com/v2/feature/SxzO8NdFjA,是,3,否,日本,,2752,4,7,0
2022-05-10,这才是好《诗经》：名家40年功力、注音、翻译、多图、典雅、大气,http://mp.weixin.qq.com/s?__biz=MjM5NDU0Mjk2MQ==&mid=2651783315&idx=4&sn=e23ef0ade682558dff5cb2985eb3f0ce&chksm=bd7d848d8a0a0d9b1b185210f016f2a643d995025d594bad3bcd3d2363e5043146c4e8a61de5&scene=27#wechat_redirect,《诗经全译》,连岳读书,http://mmbiz.qpic.cn/mmbiz_jpg/KKlWx3o7UM3xibR8sYz32fmJuhHyI03GdpNADNzGOJYmLuI8RCibJFYSIVArolQyzntaP91zobJuicjTsCDCuK2eQ/0?wx_fmt=jpeg,https://shop42117076.youzan.com/v2/feature/SxzO8NdFjA,否,4,否,日本,,1805,1,11,0
2022-05-10,小心超萌的小动物胸针，将暴露你的可爱类型,http://mp.weixin.qq.com/s?__biz=MjM5NDU0Mjk2MQ==&mid=2651783315&idx=5&sn=64a5d5f8b7c4ff825484c186edd28b4e&chksm=bd7d848d8a0a0d9b07a77aa87d3aae4cd4219dd77c46c1b3b684a9aa833a9b439ff6321e9458&scene=27#wechat_redirect,CoolZoo趣萌胸针,连叔好货,http://mmbiz.qpic.cn/mmbiz_jpg/KKlWx3o7UM0ankeNBXBYZBZpMBNYEgM6F88zvgmeBWGaYU8Q4ykHiagrjRFzReQBmWBOhTH85B7WiaW1ibk3mxv0w/0?wx_fmt=jpeg,https://shop42117076.m.youzan.com/v2/feature/AogST0TN2v,否,5,否,日本,,2112,2,1,0
2022-05-10,用光泽感T恤与印花百褶裙，打造你的夏日舒适与优雅,http://mp.weixin.qq.com/s?__biz=MjM5NDU0Mjk2MQ==&mid=2651783315&idx=6&sn=f22831d56f1a01df16fc179df8681a5d&chksm=bd7d848d8a0a0d9b7e0bca7c02af604e10b1bbec62ba895287bd92137427e5a113050ad34d7c&scene=27#wechat_redirect,2624拼接T恤、柔滑质感T恤、印花百褶裙,连叔好货,http://mmbiz.qpic.cn/mmbiz_jpg/KKlWx3o7UM19Kao6NUswM2Sfdt5YibuIFySbMFmeQFGQEKwPxKTBZFggGlT2VIdP5rsfcnBezJWu9KHZFrzrEibA/0?wx_fmt=jpeg,https://shop42117076.m.youzan.com/v2/feature/AogST0TN2v,否,6,否,日本,,3822,1,4,0
2022-05-10,大风父母,http://mp.weixin.qq.com/s?__biz=MjM5NDU0Mjk2MQ==&mid=2651783315&idx=1&sn=09866d8dc31f33b8ae901c1f1e3fd28c&chksm=bd7d848d8a0a0d9b7d68feaa479ac82d3fdf2dddbfb250b706136fde1cbfa029ae34acf312b5&scene=27#wechat_redirect,中国式的爱。,连岳,http://mmbiz.qpic.cn/mmbiz_jpg/KKlWx3o7UM19Kao6NUswM2Sfdt5YibuIFibB2bNjgZJ59OHeNd6Ron21GCC27DZlghNib6wsILvZRdiaiaeuUoq9m3w/0?wx_fmt=jpeg,https://shop42117076.m.youzan.com/v2/feature/SxzO8NdFjA,是,1,否,日本,,100001,1182,3794,81
2022-05-09,家乡是我们最美的共识,http://mp.weixin.qq.com/s?__biz=MjM5NDU0Mjk2MQ==&mid=2651783263&idx=2&sn=218d7c6948fbcad8a5b30eeaee7a07f1&chksm=bd7d84418a0a0d5721ba80ec017b1252404794dcceae2c82abde7cfd14715fc2a54f8c3fd3ba&scene=27#wechat_redirect,《我爱我的家乡》，,唐珂,http://mmbiz.qpic.cn/mmbiz_jpg/KKlWx3o7UM2BWLwmVcY84ERtWLLv3KBHPic3StvZQmzcpwz2lGBe6ibvQ6t0GTxnhET5GdoIcaHeCaOyxmssbedg/0?wx_fmt=jpeg,https://shop42117076.m.youzan.com/v2/feature/SxzO8NdFjA,是,2,否,日本,,11709,4,12,0
2022-05-09,有趣、有识、有奇、有度地带孩子走进田野，发现文明,http://mp.weixin.qq.com/s?__biz=MjM5NDU0Mjk2MQ==&mid=2651783263&idx=3&sn=487440031dc3b63cb40aaeab0c2342fa&chksm=bd7d84418a0a0d57b185446835a9e0a516bf50ff63ad12f86d3b7ceed8d1e3356f80f5761f25&scene=27#wechat_redirect,《田野里的自然历史课》（全5册）,袁隆平,http://mmbiz.qpic.cn/mmbiz_jpg/KKlWx3o7UM2BWLwmVcY84ERtWLLv3KBHyeytfJ05Xbm9VelIuI8YHHx08iarMA7WbFiam0eVsNStPlVY0bnwuNAQ/0?wx_fmt=jpeg,https://shop42117076.m.youzan.com/v2/feature/SxzO8NdFjA,否,3,否,日本,,2682,3,4,0
2022-05-09,十多年前就呼吁国内大循环的学者告诉你什么是国内大循环,http://mp.weixin.qq.com/s?__biz=MjM5NDU0Mjk2MQ==&mid=2651783263&idx=4&sn=cedda13bd57477648c87bdcf5206c12a&chksm=bd7d84418a0a0d5760e6ad31c017b46a58b07d5e61b83bd8e9d8921b0d2b2532af36903cda8c&scene=27#wechat_redirect,《国内大循环：经济发展新战略与政策选择》,连岳读书,http://mmbiz.qpic.cn/mmbiz_jpg/KKlWx3o7UM2056XvefSXlNbUMZDIqWPicUVhncLxoWKJyjUCibEjDQ9RZYbpryMtCYnbiaAAGXbgXK7rvM62pncAA/0?wx_fmt=jpeg,https://shop42117076.m.youzan.com/v2/feature/SxzO8NdFjA,否,4,否,日本,,2457,6,17,0
2022-05-09,用适合国人的好牙刷，呵护全家口腔健康,http://mp.weixin.qq.com/s?__biz=MjM5NDU0Mjk2MQ==&mid=2651783263&idx=5&sn=feb3ec23c7d054853fa7584b1375c239&chksm=bd7d84418a0a0d573c7e59f35aaa741468cc9038cb52180a977910a3a8f02c120094028e4496&scene=27#wechat_redirect,贝医生巴氏牙刷经典版、儿童牙刷,连叔好货,http://mmbiz.qpic.cn/mmbiz_jpg/1J0k1qVjPN1dJ5VG0k4aia01moHicx3jmEiaQwZXxacorGntplmGoyYHtD6roK5WVQofib8auqPHSDZqyVibxTd268w/0?wx_fmt=jpeg,https://shop42117076.m.youzan.com/v2/feature/AogST0TN2v,否,5,否,日本,,2094,0,2,0
2022-05-09,采一年山花烂漫，酿一次成熟好蜜,http://mp.weixin.qq.com/s?__biz=MjM5NDU0Mjk2MQ==&mid=2651783263&idx=6&sn=a1765bfb183e9055812ccf33ca6828d0&chksm=bd7d84418a0a0d571fd65bb2f24f47682adb927fb69d568703a9fa6eb20437c13e86ffd0c827&scene=27#wechat_redirect,￥,连叔好货,http://mmbiz.qpic.cn/mmbiz_jpg/KKlWx3o7UM2BWLwmVcY84ERtWLLv3KBHQKXyj8SjdibSVmah8VGuKdJHicJITzSqIqgiaTmfA8nia9Yyl5YKGiaicobQ/0?wx_fmt=jpeg,https://shop42117076.youzan.com/v2/feature/X9S7PoaBLs,否,6,否,日本,,1596,2,4,0
2022-05-09,房子危机,http://mp.weixin.qq.com/s?__biz=MjM5NDU0Mjk2MQ==&mid=2651783263&idx=1&sn=a10f93f9b1aa98da1ce598fe30ee12a5&chksm=bd7d84418a0a0d57ba1fd4c011dbdc4d2930b1892d3aacd78ba65c57a9caab25521e62592428&scene=27#wechat_redirect,考虑房子的两个角度。,连岳,http://mmbiz.qpic.cn/mmbiz_jpg/KKlWx3o7UM2BWLwmVcY84ERtWLLv3KBHrS0k0WSXPwwceGRDWbBIHTXYZLbdhLAg0H55RiclGyuEn5L6dURHaRA/0?wx_fmt=jpeg,https://shop42117076.m.youzan.com/v2/feature/SxzO8NdFjA,是,1,否,日本,,100001,1098,3414,81
2022-05-08,2022年《译林》杂志第三期,http://mp.weixin.qq.com/s?__biz=MjM5NDU0Mjk2MQ==&mid=2651783203&idx=2&sn=bb28f9d4c8766e9378065f043acb0bbe&chksm=bd7d843d8a0a0d2b0b7539efec795d41ab24c9142a3b7c6c504f22957aa9c49be25819e7d888&scene=27#wechat_redirect,2022年《译林》杂志第三期,连岳读书,http://mmbiz.qpic.cn/mmbiz_jpg/KKlWx3o7UM1o4HNg86jXgibhmHAmic7sEfVPJjABDnseueThNenMU0mRF4ZUSJHdRzxaSTuXdJNOI9SeIT8pPmnw/0?wx_fmt=jpeg,https://shop42117076.m.youzan.com/v2/feature/SxzO8NdFjA,是,2,否,日本,,7794,10,24,3
2022-05-08,牙齿百科全书，如何保持一口好牙的终极指南,http://mp.weixin.qq.com/s?__biz=MjM5NDU0Mjk2MQ==&mid=2651783203&idx=3&sn=4d7ba2a9d295a23478185a4ed548b032&chksm=bd7d843d8a0a0d2bdcf5927934609b9c1b14194953d45c5cfddd5b325b87e2eff84bffb99391&scene=27#wechat_redirect,《牙齿之书：如何保持一口好牙的终极指南》,连岳读书,http://mmbiz.qpic.cn/mmbiz_jpg/KKlWx3o7UM04c8aVJPHia241JRZ8Erv7xBmuWT5gXRSVp0QmAj2eKqKlRRiaA6QFebsS756mIrRqtmVwtOpKWp2w/0?wx_fmt=jpeg,https://shop42117076.m.youzan.com/v2/feature/SxzO8NdFjA,否,3,否,日本,,2483,5,9,1
2022-05-08,用心体会，父母的“紧箍咒”也带着秩序美,http://mp.weixin.qq.com/s?__biz=MjM5NDU0Mjk2MQ==&mid=2651783203&idx=4&sn=dee02eb0fc321ce6532feaea6b99c11f&chksm=bd7d843d8a0a0d2b9b0f1bd1114b334d66084a2e90ce136894b29be17f3dcc955edbce4e9f4b&scene=27#wechat_redirect,东方娃娃“秩序”主题绘本,连岳读书,http://mmbiz.qpic.cn/mmbiz_jpg/KKlWx3o7UM3WzJmMpTIKLAxaeUEEKsjrdh4DicAZy70X6YhlVIxjqu4d7gvo2kibmWfvKN8qQJOZhajNKeLPNDNg/0?wx_fmt=jpeg,https://shop42117076.m.youzan.com/v2/feature/SxzO8NdFjA,否,4,否,日本,,1508,3,3,0
2022-05-08,柔美简约，丝滑飘逸，绝美的春夏裙装合集,http://mp.weixin.qq.com/s?__biz=MjM5NDU0Mjk2MQ==&mid=2651783203&idx=5&sn=2a880271938fdec9bcb6a0df7a60978c&chksm=bd7d843d8a0a0d2b087a49b5c94f6a616cdef25a56d96ee7331d7ca3a8cfb1d71e807f8eb5d6&scene=27#wechat_redirect,INANDON丝滑飘逸腰带装饰半裙、优雅V领贝壳扣连衣裙、柔美简约气质套装,连叔好货,http://mmbiz.qpic.cn/mmbiz_jpg/KKlWx3o7UM1o4HNg86jXgibhmHAmic7sEfApGgrLRwUol9JYlDj4aHzq6DwBSscNIIicAKwufZwkHk12wEASiaLE4Q/0?wx_fmt=jpeg,https://shop42117076.m.youzan.com/v2/feature/AogST0TN2v,否,5,否,日本,,5743,0,6,0
2022-05-08,3秒即溶，一口精神，超高性价比的云南黑咖啡,http://mp.weixin.qq.com/s?__biz=MjM5NDU0Mjk2MQ==&mid=2651783203&idx=6&sn=0b78281ceb494ccd091e25c5a8f37dca&chksm=bd7d843d8a0a0d2be2b5fb11cb864b7d9b892e06c2d1a5b14ad710739594353e3bb8c0c9838f&scene=27#wechat_redirect,和菜头云南黑咖啡、云南黑咖啡大象巡游纪念款、能量速溶型云南黑咖啡,连叔好货,http://mmbiz.qpic.cn/mmbiz_jpg/1J0k1qVjPN2gBZ2Q4Cic1TnLmfVDOOtXZUHvLb59M0FPMZZCAibTJJiamAsRwhaQRia4lp7qjp0XA4vrIdXN3kIqfA/0?wx_fmt=jpeg,https://shop42117076.m.youzan.com/v2/feature/AogST0TN2v,否,6,否,日本,,1994,1,3,1
2022-05-08,写给少年的18岁生日,http://mp.weixin.qq.com/s?__biz=MjM5NDU0Mjk2MQ==&mid=2651783203&idx=1&sn=30a3765477471dce529d0cc7fc47d1b0&chksm=bd7d843d8a0a0d2ba83db229f8656fe28dd06905b971f523d2e30bef188dbbaeecd7db648595&scene=27#wechat_redirect,种很小的事，长很大的事。,连岳,http://mmbiz.qpic.cn/mmbiz_jpg/KKlWx3o7UM1o4HNg86jXgibhmHAmic7sEfox9PFicKsXRJ4vY01KjTqjU3ibfjUAw71Bliby40OhIyTKYicjWERDL5jQ/0?wx_fmt=jpeg,https://shop42117076.m.youzan.com/v2/feature/SxzO8NdFjA,是,1,否,日本,,100001,808,2448,51
2022-05-07,十多年前就呼吁国内大循环的学者告诉你什么是国内大循环,http://mp.weixin.qq.com/s?__biz=MjM5NDU0Mjk2MQ==&mid=2651783176&idx=2&sn=79df070937a95dc7282366e7f3f74504&chksm=bd7d84168a0a0d00cee2977252ad3d93583bd3177fa09907abca14800f822ea0dd4f7f2de668&scene=27#wechat_redirect,《国内大循环：经济发展新战略与政策选择》,连岳读书,http://mmbiz.qpic.cn/mmbiz_jpg/KKlWx3o7UM2056XvefSXlNbUMZDIqWPicUVhncLxoWKJyjUCibEjDQ9RZYbpryMtCYnbiaAAGXbgXK7rvM62pncAA/0?wx_fmt=jpeg,https://shop42117076.m.youzan.com/v2/feature/SxzO8NdFjA,是,2,否,日本,,15573,39,75,2
2022-05-07,一代逻辑学大师殷海光，专为初学者写的逻辑入门书,http://mp.weixin.qq.com/s?__biz=MjM5NDU0Mjk2MQ==&mid=2651783176&idx=3&sn=bf7edae90b2f9dc7f29b1d00e95316c0&chksm=bd7d84168a0a0d00a4ca13f664e2e5e27c6e917c2e557fadcd8a71988775a7709dbacfcb58a8&scene=27#wechat_redirect,《逻辑课：如何辨别真假对错》,连岳读书,http://mmbiz.qpic.cn/mmbiz_jpg/KKlWx3o7UM22JNjHezkvHLvRm7L3ETDF3eTavCj0SaqVjs0NAgXlwicAk1hbaK25QmWTrR37cB9Kic5Zo1iaWO7tA/0?wx_fmt=jpeg,https://shop42117076.m.youzan.com/v2/feature/SxzO8NdFjA,否,3,否,日本,,2422,0,6,0
2022-05-07,缤纷一“夏”，穿出时髦感，好看的T恤和百褶裙来了,http://mp.weixin.qq.com/s?__biz=MjM5NDU0Mjk2MQ==&mid=2651783176&idx=4&sn=dd22d5d4d160b3e28875114b1daf9f57&chksm=bd7d84168a0a0d00d9296441244e2e778b7c0798c7270c66abb3c2d5c658af6c07c85406c5d6&scene=27#wechat_redirect,2624U领T恤、领口拼接T恤、纯色百褶裙,连叔好货,http://mmbiz.qpic.cn/mmbiz_jpg/KKlWx3o7UM2g7CT1ibMOsFtmdP3lDDHLQBbicdtO11JvMbg8ku4EdboW3RwibcYhOKvtc3yRm5oEruhgF5EWRnfBA/0?wx_fmt=jpeg,https://shop42117076.m.youzan.com/v2/feature/AogST0TN2v,否,4,否,日本,,5519,0,7,0
2022-05-07,采自中国柠檬之都，真空脱水锁鲜的冻干柠檬片,http://mp.weixin.qq.com/s?__biz=MjM5NDU0Mjk2MQ==&mid=2651783176&idx=5&sn=1764f89a00272d1b2a55fa93d9a41dd1&chksm=bd7d84168a0a0d008f41dffe511393519ea40f9b025acbf3567611efa70ed4da177f08fd9927&scene=27#wechat_redirect,喜善花房冻干柠檬片,连叔好货,http://mmbiz.qpic.cn/mmbiz_jpg/KKlWx3o7UM0Yomwib0hOK52WLfO9SM9LZODSbRtqoImaOP0V8CV3ibp6iaKpibhFTHicXGKscuFbD6TZBm0mjqUq3AQ/0?wx_fmt=jpeg,https://shop42117076.m.youzan.com/v2/feature/AogST0TN2v,否,5,否,日本,,1580,1,3,0
2022-05-07,属于夏天的床品！清爽舒适冰冰凉，才能睡到自然醒,http://mp.weixin.qq.com/s?__biz=MjM5NDU0Mjk2MQ==&mid=2651783176&idx=6&sn=e4584f36595cb98d212ede82dfb718a2&chksm=bd7d84168a0a0d00764c4b7eebca840e45c578fe40ef42389011ccd986b1709dcb9b26511c0d&scene=27#wechat_redirect,慈云天丝麻凉席、蚕丝夏被、真丝枕套，,连叔好货,http://mmbiz.qpic.cn/mmbiz_jpg/KKlWx3o7UM10PQWnaKTOurYRjFADdshiasiavaJaEsoBwZNY7CBujSJAv2ibHK69TGx5rcDdmn0TlibEt8E6Z65KSw/0?wx_fmt=jpeg,https://shop42117076.m.youzan.com/v2/feature/AogST0TN2v,否,6,否,日本,,2941,0,2,0
2022-05-07,找准人生的IP属地,http://mp.weixin.qq.com/s?__biz=MjM5NDU0Mjk2MQ==&mid=2651783176&idx=1&sn=80bf10eb1080a77e40b0c460f45484d4&chksm=bd7d84168a0a0d00da74957b7148171f093c3f24ebf4eb4825c10874b6e48234e87caed49293&scene=27#wechat_redirect,人的成长，都需要一段默默练功的阶段。,连岳,http://mmbiz.qpic.cn/mmbiz_jpg/KKlWx3o7UM2056XvefSXlNbUMZDIqWPicIicxZ164CnRWIHdnUmfprlckibMPDH63jicVcjZ2FLg2brHVLSicrfHibcg/0?wx_fmt=jpeg,https://shop42117076.m.youzan.com/v2/feature/SxzO8NdFjA,是,1,否,日本,,100001,1131,3994,98
2022-05-06,用心体会，父母的“紧箍咒”也带着秩序美,http://mp.weixin.qq.com/s?__biz=MjM5NDU0Mjk2MQ==&mid=2651783133&idx=2&sn=33c33fd28e5d1c0ee5c15d691f1cf038&chksm=bd7c7bc38a0bf2d5abedbd823694cd5dd7622e4a7f8e43b9eba970d6cb396d2ef19dc4e437d5&scene=27#wechat_redirect,东方娃娃“秩序”主题绘本,连岳读书,http://mmbiz.qpic.cn/mmbiz_jpg/KKlWx3o7UM3WzJmMpTIKLAxaeUEEKsjrdh4DicAZy70X6YhlVIxjqu4d7gvo2kibmWfvKN8qQJOZhajNKeLPNDNg/0?wx_fmt=jpeg,https://shop42117076.m.youzan.com/v2/feature/SxzO8NdFjA,是,2,否,日本,,13242,8,11,0
2022-05-06,高颜值高品质，居家旅行超好用的三款牙刷,http://mp.weixin.qq.com/s?__biz=MjM5NDU0Mjk2MQ==&mid=2651783133&idx=3&sn=149c330fdd9869fe42de82d168542d4b&chksm=bd7c7bc38a0bf2d57484da79e8fe14a973b7f7b592c369f7c556d27d404d0f8ea79fe9ff7a41&scene=27#wechat_redirect,贝医生巴氏牙刷青春版、巴氏牙刷竹洁版，云柔版，,连叔好货,http://mmbiz.qpic.cn/mmbiz_jpg/KKlWx3o7UM3WzJmMpTIKLAxaeUEEKsjrknmYICVXPBUzM3UlqicuYfoP2Ug7yOEicN3Vpn9AKdUzicqb54ynVuw1Q/0?wx_fmt=jpeg,https://shop42117076.m.youzan.com/v2/feature/AogST0TN2v,是,3,否,日本,,2678,0,3,0
2022-05-06,用光泽感T恤与印花百褶裙，打造你的夏日舒适与优雅,http://mp.weixin.qq.com/s?__biz=MjM5NDU0Mjk2MQ==&mid=2651783133&idx=4&sn=da3a50a0a4b8ff66dd1a16a4db2565af&chksm=bd7c7bc38a0bf2d5fd4550bdfa0dfacbf3141b9abd1e39362d70ee551f7b6a04b7cd102539ae&scene=27#wechat_redirect,2624拼接T恤、柔滑质感T恤、印花百褶裙,连叔好货,http://mmbiz.qpic.cn/mmbiz_jpg/KKlWx3o7UM0ankeNBXBYZBZpMBNYEgM6aL9JLZnZlH1yMoBGP5u4LTmqSCdzcPovOxNPttW0xVutHLZ5mO5TJQ/0?wx_fmt=jpeg,https://shop42117076.m.youzan.com/v2/feature/AogST0TN2v,否,4,否,日本,,5017,0,5,1
2022-05-06,将美好雕刻为永恒，别于胸前，夹入书页,http://mp.weixin.qq.com/s?__biz=MjM5NDU0Mjk2MQ==&mid=2651783133&idx=5&sn=b63d3c8f74c6fe0b87709a993289f80d&chksm=bd7c7bc38a0bf2d5263a733fe1a60951c7ef70e67d112ae80744e20046e9885977a70b97811e&scene=27#wechat_redirect,手心里幸福已来·铃兰书签、好运似锦胸针、桃花朵朵胸针,连叔好货,http://mmbiz.qpic.cn/mmbiz_jpg/KKlWx3o7UM3PvZianiaDUXTqKjLDjibk7NjaP566pkebsIf5xbGtzxpib351OVzqa5YTKObgp8u2IurctgT5q9pXJA/0?wx_fmt=jpeg,https://shop42117076.m.youzan.com/v2/feature/AogST0TN2v,否,5,否,日本,,1582,0,2,0
2022-05-06,一分钟冲出好豆浆！豆香浓郁，好喝营养,http://mp.weixin.qq.com/s?__biz=MjM5NDU0Mjk2MQ==&mid=2651783133&idx=6&sn=0e219872bc94ccb2e27914807e2a2626&chksm=bd7c7bc38a0bf2d53a992ddcfda7be739470a52827a82ad1852b7c46ae165bcad4863f92518a&scene=27#wechat_redirect,喜善花房特浓本味豆浆、特浓本味黑豆浆,连叔好货,http://mmbiz.qpic.cn/mmbiz_jpg/1J0k1qVjPN27nRpKmaic08mGU72sX7m11qlK2vnZ4Ft5RxVE34kNibY8iaUWbOMf6JNicDtHiakqfPXj7fDzHwDsmuQ/0?wx_fmt=jpeg,https://shop42117076.m.youzan.com/v2/feature/AogST0TN2v,否,6,否,日本,,2290,2,5,2
2022-05-06,坏事都可能变成好事,http://mp.weixin.qq.com/s?__biz=MjM5NDU0Mjk2MQ==&mid=2651783133&idx=1&sn=cbe747ee86988e70e18d9910fa63667a&chksm=bd7c7bc38a0bf2d5cbaf338ddf502960ce35f129123066ec85650b2d4693e1e4609fa34f54b9&scene=27#wechat_redirect,人生每一次飞跃之前，都得遇上坏事。,连岳,http://mmbiz.qpic.cn/mmbiz_jpg/KKlWx3o7UM3WzJmMpTIKLAxaeUEEKsjrsQzucZ8ZrtwzORJrlOIrdEdklNFgU1ibHia1Zmhssny74zc2iaLx1mckw/0?wx_fmt=jpeg,https://shop42117076.m.youzan.com/v2/feature/SxzO8NdFjA,是,1,否,日本,,100001,1191,4067,96
2022-05-05,牙齿百科全书，如何保持一口好牙的终极指南,http://mp.weixin.qq.com/s?__biz=MjM5NDU0Mjk2MQ==&mid=2651783072&idx=2&sn=2fbb97eb89f0d1db280f59d50cfe6a5d&chksm=bd7c7bbe8a0bf2a83426cbacad9d9ae82f5c4574485087c026db1ed2c8f6842f9471bce6357c&scene=27#wechat_redirect,《牙齿之书：如何保持一口好牙的终极指南》,连岳读书,http://mmbiz.qpic.cn/mmbiz_jpg/KKlWx3o7UM04c8aVJPHia241JRZ8Erv7xBmuWT5gXRSVp0QmAj2eKqKlRRiaA6QFebsS756mIrRqtmVwtOpKWp2w/0?wx_fmt=jpeg,https://shop42117076.m.youzan.com/v2/feature/SxzO8NdFjA,是,2,否,日本,,12950,14,42,0
2022-05-05,看完《觉醒年代》，更需了解五四运动,http://mp.weixin.qq.com/s?__biz=MjM5NDU0Mjk2MQ==&mid=2651783072&idx=3&sn=9fd8b90828ffd65d693fb9b2a45ff4fb&chksm=bd7c7bbe8a0bf2a8e34fc2917da2ad10ab2a7cf443181ce273c5f1f3c6ec0d00dfc451772690&scene=27#wechat_redirect,《五四运动史：现代中国的知识革命》，,连岳读书,http://mmbiz.qpic.cn/mmbiz_jpg/KKlWx3o7UM30EAgIqRcqibdwfiaD0HMtHGGgTlkzs8MmehwUIwQsxKXAo9VljUGQAibs3ZO01yktSgKbQbyYk1Srg/0?wx_fmt=jpeg,https://shop42117076.m.youzan.com/v2/feature/SxzO8NdFjA,否,3,否,日本,,4945,6,15,0
2022-05-05,美妙而珍贵的童谣，在人生之初轻轻哼唱,http://mp.weixin.qq.com/s?__biz=MjM5NDU0Mjk2MQ==&mid=2651783072&idx=4&sn=c523051d809343fc8eecf08e92071585&chksm=bd7c7bbe8a0bf2a887f1baec2fac52f2a623836b8ad71f9b68321cf5208f82ccd8d6d3e608c5&scene=27#wechat_redirect,《天上动物园》《布熊布兔打电话》,连岳读书,http://mmbiz.qpic.cn/mmbiz_jpg/KKlWx3o7UM0hxILbP2icJksOdg7nT1S2wVIl0q1dAP9ibicicKzzT9FWpiamDWbicNUxv6GcPZ0sicub6NlAGictk5lrcQ/0?wx_fmt=jpeg,https://shop42117076.youzan.com/v2/feature/SxzO8NdFjA,否,4,否,日本,,1700,2,4,0
2022-05-05,如何培养孩子的思考力？从亲子讨论哲学话题开始,http://mp.weixin.qq.com/s?__biz=MjM5NDU0Mjk2MQ==&mid=2651783072&idx=5&sn=caf9954d655c706c75f62e42ecef9744&chksm=bd7c7bbe8a0bf2a8cc38dc6d3774d8751f060f4c1b8c3936a5694596218809b91955dec19fb6&scene=27#wechat_redirect,《法国亲子哲学启蒙书》（全9册）,孔倩,http://mmbiz.qpic.cn/mmbiz_jpg/1J0k1qVjPN3tEJZqj8LcMoS3KibAhVib2BkcdhCj3cXIGvzPEPQ161j6Q0YVvicLfRiakDkWW0ZiarIbKxF47ogcahw/0?wx_fmt=jpeg,https://shop42117076.m.youzan.com/v2/feature/SxzO8NdFjA,否,5,否,日本,,2563,2,6,0
2022-05-05,一年四季都能用的水感防晒，上脸隐形，高倍耐晒,http://mp.weixin.qq.com/s?__biz=MjM5NDU0Mjk2MQ==&mid=2651783072&idx=6&sn=81d84e5c0165fe846ef00508d3a26785&chksm=bd7c7bbe8a0bf2a87ff734297665056a57d5bafaec6253e2e63ad2e70cd0264c55ba6d35ed96&scene=27#wechat_redirect,怡思丁防晒液,连叔好货,http://mmbiz.qpic.cn/mmbiz_jpg/KKlWx3o7UM0icqDAAUnN6BXhtrQfPoPUibf1iaRo8WoYnq4fpGuKnDdvibcy8bjeOqryqGAvDib4GEd1ibavp2V7satA/0?wx_fmt=jpeg,https://shop42117076.m.youzan.com/v2/feature/AogST0TN2v,否,6,否,日本,,2465,1,4,0
2022-05-05,人生与爱国,http://mp.weixin.qq.com/s?__biz=MjM5NDU0Mjk2MQ==&mid=2651783072&idx=1&sn=f5b4ab8522fc3177cdc7294eeda40da9&chksm=bd7c7bbe8a0bf2a8c5ab20630bafcf31b1bc8bd79d67fdc176a56829555f03f36cbe3c01ad00&scene=27#wechat_redirect,我人生的四个阶段。,连岳,http://mmbiz.qpic.cn/mmbiz_jpg/KKlWx3o7UM04c8aVJPHia241JRZ8Erv7xicIbHngC5u6XicnxWGWmL9R7MBOyGV0pBcSzmuu98SSUmOdRsVy85Ltg/0?wx_fmt=jpeg,https://shop42117076.m.youzan.com/v2/feature/SxzO8NdFjA,是,1,否,日本,,100001,3115,9616,93
2022-04-30,2022年4月连岳读书推荐目录,http://mp.weixin.qq.com/s?__biz=MjM5NDU0Mjk2MQ==&mid=2651783047&idx=2&sn=d170e56335432b40137132f7db362d65&chksm=bd7c7b998a0bf28f16874d073ec682ab793439c2c27e7002e0ca3d82982fb79a4d7434b38277&scene=27#wechat_redirect,2022年4月连岳读书推荐目录,连岳读书,http://mmbiz.qpic.cn/mmbiz_jpg/KKlWx3o7UM15yHb1aQtYkl0zXYNUs9jRGTNVvibibYYj8ArW5D3oW4lQwLTyiazibmXqMtGeQiauqUibwl5vHcJDcK3A/0?wx_fmt=jpeg,https://shop42117076.m.youzan.com/v2/feature/SxzO8NdFjA,是,2,否,日本,,34151,18,20,0
2022-04-30,柔美简约，丝滑飘逸，绝美的春夏裙装合集,http://mp.weixin.qq.com/s?__biz=MjM5NDU0Mjk2MQ==&mid=2651783047&idx=3&sn=b80676906bb223a8ab67e86dc5041260&chksm=bd7c7b998a0bf28f087bc420ebe9aec6d795b152834a048df8b2110a3eda9c7a1985dbca9a8c&scene=27#wechat_redirect,INANDON丝滑飘逸腰带装饰半裙、优雅V领贝壳扣连衣裙、柔美简约气质套装,连叔好货,http://mmbiz.qpic.cn/mmbiz_jpg/KKlWx3o7UM15yHb1aQtYkl0zXYNUs9jR6iaNqqAGjyN4kibWgEz5sGicM20K7MuagiaEibJtyM1aWhh2X9IswAoPK7g/0?wx_fmt=jpeg,https://shop42117076.m.youzan.com/v2/feature/AogST0TN2v,是,3,否,日本,,14430,3,19,0
2022-04-30,将美好雕刻为永恒，别于胸前，夹入书页,http://mp.weixin.qq.com/s?__biz=MjM5NDU0Mjk2MQ==&mid=2651783047&idx=4&sn=7930634e8ff96a565136a9dfde2459b6&chksm=bd7c7b998a0bf28f7d556ee61ba3400c7a651b3ea20c6e3cc619d300482812a1939ca28e126d&scene=27#wechat_redirect,手心里幸福已来·铃兰书签、好运似锦胸针、桃花朵朵胸针,连叔好货,http://mmbiz.qpic.cn/mmbiz_jpg/KKlWx3o7UM3PvZianiaDUXTqKjLDjibk7NjaP566pkebsIf5xbGtzxpib351OVzqa5YTKObgp8u2IurctgT5q9pXJA/0?wx_fmt=jpeg,https://shop42117076.m.youzan.com/v2/feature/AogST0TN2v,否,4,否,日本,,2976,3,4,0
2022-04-30,缤纷一“夏”，穿出时髦感，好看的T恤和百褶裙来了,http://mp.weixin.qq.com/s?__biz=MjM5NDU0Mjk2MQ==&mid=2651783047&idx=5&sn=237fc23e29f2ed7c4d95246f0a7f58be&chksm=bd7c7b998a0bf28f3f8011b8d21f4160704782edffff63e8e1b3d2782f7a0aa266b1c5f5b891&scene=27#wechat_redirect,2624U领T恤、领口拼接T恤、纯色百褶裙,连叔好货,http://mmbiz.qpic.cn/mmbiz_jpg/KKlWx3o7UM2g7CT1ibMOsFtmdP3lDDHLQBbicdtO11JvMbg8ku4EdboW3RwibcYhOKvtc3yRm5oEruhgF5EWRnfBA/0?wx_fmt=jpeg,https://shop42117076.m.youzan.com/v2/feature/AogST0TN2v,否,5,否,日本,,6491,2,7,0
2022-04-30,一代大师季羡林，留给孩子的人生启蒙书,http://mp.weixin.qq.com/s?__biz=MjM5NDU0Mjk2MQ==&mid=2651783047&idx=6&sn=c37f09cd278e2b3aeda13f2adc1b984e&chksm=bd7c7b998a0bf28f23e4ed2e588cec392d180eb5dcd1e2854f829342a88b8acdfc970ea5e052&scene=27#wechat_redirect,《季羡林留给孩子的人生启蒙书》（盒装全5册）,连岳读书,http://mmbiz.qpic.cn/mmbiz_jpg/KKlWx3o7UM3AOhF4ChlrXRy8B0F5voOdsxAH4ibLdhicTrowDPdSew07954EvbprTCHbFd7vbraYqXMxVyDw6HtQ/0?wx_fmt=jpeg,https://shop42117076.m.youzan.com/v2/feature/SxzO8NdFjA,否,6,否,日本,,4019,1,5,0
2022-04-30,诗意而温情，四次雨果奖得主特德·姜带来不一样的科幻,http://mp.weixin.qq.com/s?__biz=MjM5NDU0Mjk2MQ==&mid=2651783047&idx=7&sn=ed04b813b6ba35b5ff5e0dac48ceffff&chksm=bd7c7b998a0bf28f0b6076ddef2593e7471814eb91331fea1514f0b929b1992e1dc258df0b31&scene=27#wechat_redirect,《呼吸》《你一生的故事》,连岳读书,http://mmbiz.qpic.cn/mmbiz_jpg/KKlWx3o7UM2xse1SAvhrw9gy5LYVCEOk4z4f7qbcchtqBPr1vJM0orx0pPDdQgC84cehQ6EsvrnN2mRpdWK5Bw/0?wx_fmt=jpeg,https://shop42117076.m.youzan.com/v2/feature/SxzO8NdFjA,否,7,否,日本,,2867,1,6,0
2022-04-30,五一休假安排,http://mp.weixin.qq.com/s?__biz=MjM5NDU0Mjk2MQ==&mid=2651783047&idx=8&sn=7bf0f157699a3b2e3ccb481f77ba3c3e&chksm=bd7c7b998a0bf28f7a55ae1774d2516e74e33d57223673bdb202260b757d59b530a2ab6aefcb&scene=27#wechat_redirect,五一休假安排,连岳,http://mmbiz.qpic.cn/mmbiz_jpg/KKlWx3o7UM15yHb1aQtYkl0zXYNUs9jR34fc40Yqjiag17RxWXsPow0xvnoVnNeTm00XnZticZsHgFgHvAYgHM5Q/0?wx_fmt=jpeg,https://shop42117076.m.youzan.com/v2/feature/SxzO8NdFjA,否,8,否,日本,,15571,16,55,0
2022-04-30,我为什么在日本？,http://mp.weixin.qq.com/s?__biz=MjM5NDU0Mjk2MQ==&mid=2651783047&idx=1&sn=be6e73c5c354423574ca03296eb3937c&chksm=bd7c7b998a0bf28fc94f3616b41a7adc5e490b1b880f168fbf92f7c252a214b45ee083f701f1&scene=27#wechat_redirect,生是中国人，死是中国鬼。,连岳,http://mmbiz.qpic.cn/mmbiz_jpg/KKlWx3o7UM15yHb1aQtYkl0zXYNUs9jR69ATvGibdpLpQxLVG9gkWVWfdAlvW8TuJuupXkPxYh6ibP1xkTD1mylA/0?wx_fmt=jpeg,https://shop42117076.m.youzan.com/v2/feature/SxzO8NdFjA,是,1,否,日本,,100001,1720,6483,95
2022-04-29,缤纷一“夏”，穿出时髦感，好看的T恤和纯色百褶裙来了,http://mp.weixin.qq.com/s?__biz=MjM5NDU0Mjk2MQ==&mid=2651782997&idx=2&sn=c9f7c10883500e63d6af188ad233410f&chksm=bd7c7b4b8a0bf25d3b4197f89b600186d2b0e9e7db6f7ac25f6cfbea37bf5bd3029ec1fb2036&scene=27#wechat_redirect,2624U领T恤、领口拼接T恤、纯色百褶裙,连叔好货,http://mmbiz.qpic.cn/mmbiz_jpg/KKlWx3o7UM2g7CT1ibMOsFtmdP3lDDHLQBbicdtO11JvMbg8ku4EdboW3RwibcYhOKvtc3yRm5oEruhgF5EWRnfBA/0?wx_fmt=jpeg,https://shop42117076.m.youzan.com/v2/feature/AogST0TN2v,是,2,否,日本,,24733,6,25,0
2022-04-29,小心超萌的小动物胸针，将暴露你的可爱类型,http://mp.weixin.qq.com/s?__biz=MjM5NDU0Mjk2MQ==&mid=2651782997&idx=3&sn=794b1566502a0a18a76a0fc01ee2829e&chksm=bd7c7b4b8a0bf25d0765249eda1d113172667302d38ad4727f46ecd42cb0c215084d3fc921d4&scene=27#wechat_redirect,CoolZoo趣萌胸针,连叔好货,http://mmbiz.qpic.cn/mmbiz_jpg/KKlWx3o7UM0ankeNBXBYZBZpMBNYEgM6F88zvgmeBWGaYU8Q4ykHiagrjRFzReQBmWBOhTH85B7WiaW1ibk3mxv0w/0?wx_fmt=jpeg,https://shop42117076.m.youzan.com/v2/feature/AogST0TN2v,否,3,否,日本,,5067,0,11,0
2022-04-29,连岳，幸福而丰富的一生，就是六个字,http://mp.weixin.qq.com/s?__biz=MjM5NDU0Mjk2MQ==&mid=2651782997&idx=4&sn=85a8997bddf34d17c51b978533df50e3&chksm=bd7c7b4b8a0bf25d377ee1b144471a7cc2d22e6b34102e433333057319ba8e7baf9189f26ac3&scene=27#wechat_redirect,建议孩子们都该读的一本,连岳,http://mmbiz.qpic.cn/mmbiz_jpg/KKlWx3o7UM2g7CT1ibMOsFtmdP3lDDHLQVUh6XVVAm2WFoqWISwbFX9u8ckibB3lmicfF2qG6dEcW5A5LYJJJ9vIw/0?wx_fmt=jpeg,https://shop42117076.m.youzan.com/v2/feature/SxzO8NdFjA,否,4,否,日本,,8415,17,45,1
2022-04-29,连岳，你无法回避领导的责任,http://mp.weixin.qq.com/s?__biz=MjM5NDU0Mjk2MQ==&mid=2651782997&idx=5&sn=00a401d020f47300ae03c6b6bc27b106&chksm=bd7c7b4b8a0bf25d1380d57ad230b0841f63461b26608d7f5ecbfbf485a76437faf1ad3e4be8&scene=27#wechat_redirect,人人都得当领导。,连岳,http://mmbiz.qpic.cn/mmbiz_jpg/KKlWx3o7UM2g7CT1ibMOsFtmdP3lDDHLQ30XOcDIrRXF72WnEGQOU8HVElD8ibaicIVmkGPzLrw91xF6jlN5KpNNA/0?wx_fmt=jpeg,https://shop42117076.m.youzan.com/v2/feature/SxzO8NdFjA,否,5,否,日本,,10950,10,49,0
2022-04-29,有趣的儿童数学思维训练，锻炼孩子的“数学脑”,http://mp.weixin.qq.com/s?__biz=MjM5NDU0Mjk2MQ==&mid=2651782997&idx=6&sn=26029c9c9cf599191c4acbbe9d2e1949&chksm=bd7c7b4b8a0bf25dd11e9a192989a85f0a1fc580fc9953cfb3ed06766cf642ba9fe4fd86b07a&scene=27#wechat_redirect,《儿童数学思维训练·数学脑》系列（全7册）,连岳读书,http://mmbiz.qpic.cn/mmbiz_jpg/1J0k1qVjPN1Bs57zCrBZowWnoP0Upicics7P42JmLcCYHQPMbibr7yul1AWI6DhMUrRxqFrrBHrtflJqRuSAKQjwA/0?wx_fmt=jpeg,https://shop42117076.m.youzan.com/v2/feature/SxzO8NdFjA,否,6,否,日本,,2180,1,4,0
2022-04-29,玩耍之间，也是探索世界,http://mp.weixin.qq.com/s?__biz=MjM5NDU0Mjk2MQ==&mid=2651782997&idx=7&sn=6ed8ed7b17eb8dec381a36ed79fdc979&chksm=bd7c7b4b8a0bf25d51e2f12d4e71c539bda0503b074c9f17ff6db0836c1e6c3d688ce5189cc4&scene=27#wechat_redirect,东方娃娃“探索与发现”主题绘本套装（共2册）,连岳读书,http://mmbiz.qpic.cn/mmbiz_jpg/KKlWx3o7UM0ankeNBXBYZBZpMBNYEgM6jUAkhSe2XXMvLP3JHZlpw7J9k09kMXPhf3tZMnMxRMXL3JxwicBQLJQ/0?wx_fmt=jpeg,https://shop42117076.m.youzan.com/v2/feature/SxzO8NdFjA,否,7,否,日本,,2068,1,3,0
2022-04-29,海红香米传奇：1986年，湛江发现第一株耐盐碱野生海水稻……,http://mp.weixin.qq.com/s?__biz=MjM5NDU0Mjk2MQ==&mid=2651782997&idx=8&sn=09f1da3c06f0bec5e44d4941b2a83fe5&chksm=bd7c7b4b8a0bf25dff2275bd6dc24fdc470dbf0629c32f36cc2856e0350e7deaf931a8a2b442&scene=27#wechat_redirect,粤海田海红香米,连叔好货,http://mmbiz.qpic.cn/mmbiz_jpg/KKlWx3o7UM0sibnbjoNzsb5ADdXTLkFQGC5RK9n7BsONkt1oe1jXakxoWVT4qHTLv4yXG3EEYUNIX6HHtw83mIg/0?wx_fmt=jpeg,https://shop42117076.m.youzan.com/v2/feature/AogST0TN2v,否,8,否,日本,,2110,1,3,0
2022-04-29,只得一票，光荣地失败,http://mp.weixin.qq.com/s?__biz=MjM5NDU0Mjk2MQ==&mid=2651782997&idx=1&sn=380289c10865d918579fa89a63bae467&chksm=bd7c7b4b8a0bf25dc7a2e9a861e60b76017d8b2e5551ad4e8006ef3dca619d3cacf2b117d93a&scene=27#wechat_redirect,命运的厚爱往往一眼看不明白。,连岳,http://mmbiz.qpic.cn/mmbiz_jpg/KKlWx3o7UM2g7CT1ibMOsFtmdP3lDDHLQ6pyqgSFlUh9icF4WKlTEHkgEJha6wNOFrKfibgOnguicOCuNsm1sAyD0w/0?wx_fmt=jpeg,https://shop42117076.m.youzan.com/v2/feature/SxzO8NdFjA,是,1,否,日本,,100001,1733,6228,99
2022-04-28,小心超萌的小动物胸针，将暴露你的可爱类型,http://mp.weixin.qq.com/s?__biz=MjM5NDU0Mjk2MQ==&mid=2651782929&idx=2&sn=8ffabb910800dc64b3a234a26a801457&chksm=bd7c7b0f8a0bf219ed5e6423a545a58f49c3c6ac718d9651c6528b7cbad3b22b809f4c8fd0e1&scene=27#wechat_redirect,CoolZoo趣萌胸针,连叔好货,http://mmbiz.qpic.cn/mmbiz_jpg/KKlWx3o7UM0ankeNBXBYZBZpMBNYEgM6F88zvgmeBWGaYU8Q4ykHiagrjRFzReQBmWBOhTH85B7WiaW1ibk3mxv0w/0?wx_fmt=jpeg,https://shop42117076.m.youzan.com/v2/feature/AogST0TN2v,是,2,否,日本,,14599,5,21,0
2022-04-28,用适合国人的好牙刷，呵护全家口腔健康,http://mp.weixin.qq.com/s?__biz=MjM5NDU0Mjk2MQ==&mid=2651782929&idx=3&sn=a15d99eb89da90de8ae40af97f5946b8&chksm=bd7c7b0f8a0bf219cde054558cb82e246ed50181070da321196b96f469892b5303bbff1242a8&scene=27#wechat_redirect,贝医生巴氏牙刷经典版、儿童牙刷,连叔好货,http://mmbiz.qpic.cn/mmbiz_jpg/1J0k1qVjPN1dJ5VG0k4aia01moHicx3jmEiaQwZXxacorGntplmGoyYHtD6roK5WVQofib8auqPHSDZqyVibxTd268w/0?wx_fmt=jpeg,https://shop42117076.m.youzan.com/v2/feature/AogST0TN2v,是,3,否,日本,,3759,3,6,0
2022-04-28,用光泽感T恤与印花百褶裙，打造你的夏日舒适与优雅,http://mp.weixin.qq.com/s?__biz=MjM5NDU0Mjk2MQ==&mid=2651782929&idx=4&sn=c5ec4c1177712e6fa5fef1265a80ea95&chksm=bd7c7b0f8a0bf2198e7b722981222efd2428723041e9a24928f128852f3e518eca83e525fcf6&scene=27#wechat_redirect,2624T恤印花百褶裙,连叔好货,http://mmbiz.qpic.cn/mmbiz_jpg/KKlWx3o7UM3Sia756z1icbQcfZ4k4wNLHicGfsL9q7lwCiazusZibc0A4GX7kfGhwJlxUhSO3DMB77icU6GYXl7et2ow/0?wx_fmt=jpeg,,否,4,否,日本,,6780,0,7,0
2022-04-28,连岳，道理虽好，孩子必须过他们的一生,http://mp.weixin.qq.com/s?__biz=MjM5NDU0Mjk2MQ==&mid=2651782929&idx=5&sn=f2308337cb3ed919e9b5ca3f2ae58610&chksm=bd7c7b0f8a0bf219f1a233257601eea22e28c73f14fa2c0901a6e0ed93e04aa1cfd6f6d01352&scene=27#wechat_redirect,《悉达多》,连岳,http://mmbiz.qpic.cn/mmbiz_jpg/KKlWx3o7UM3Sia756z1icbQcfZ4k4wNLHicpMxumI6FpTI7rPMISDTU51cVrTxNcQMfztavmQ2fVXFmvhRzryApBw/0?wx_fmt=jpeg,https://shop42117076.m.youzan.com/v2/feature/SxzO8NdFjA,否,5,否,日本,,6552,7,26,2
2022-04-28,只有唯美，才能致敬传统,http://mp.weixin.qq.com/s?__biz=MjM5NDU0Mjk2MQ==&mid=2651782929&idx=6&sn=488e0d25a967290cd268efbcbbbdaaf2&chksm=bd7c7b0f8a0bf219d065dd3375fa098d9f058833aa3bd27df0eb31ab05d0022786c94919de03&scene=27#wechat_redirect,《诗画系列：注音朗读版》,连岳读书,http://mmbiz.qpic.cn/mmbiz_jpg/KKlWx3o7UM08aeEhIF31EicmXfqKwFlFhGFibHcqmhJqtBXV46cZ1TwoszkzxibSbib0aKaiaW60qhRLKuMWoibcyK0w/0?wx_fmt=jpeg,https://shop42117076.youzan.com/v2/feature/SxzO8NdFjA,否,6,否,日本,,1807,2,5,0
2022-04-28,三分钟引爆好奇心，超有料的“非正式”科学课,http://mp.weixin.qq.com/s?__biz=MjM5NDU0Mjk2MQ==&mid=2651782929&idx=7&sn=02d45ebd132d4722274d79a71c83f6e4&chksm=bd7c7b0f8a0bf21952f0e6de61b2b26b2c476d9eb3931d7382b8a79f0e1d6eb9feed45b8d32f&scene=27#wechat_redirect,科学三分钟系列,连岳读书,http://mmbiz.qpic.cn/mmbiz_jpg/KKlWx3o7UM24NNBWWP1eadxzibwTOqNuAHVRmnvUkqWvpbdeNtPKibCTvnETQmMiaicCJCMibUIzm7Vdypdbwth2zmA/0?wx_fmt=jpeg,https://shop42117076.m.youzan.com/v2/feature/SxzO8NdFjA,否,7,否,日本,,1211,0,1,0
2022-04-28,生命是从睁开眼睛，爱上妈妈开始的,http://mp.weixin.qq.com/s?__biz=MjM5NDU0Mjk2MQ==&mid=2651782929&idx=8&sn=ca815d294bc49cb742cb000cec563c24&chksm=bd7c7b0f8a0bf2193402fe95ae0afef48d37eb58f4b4e19ce3ec0cf6e12806560d63943c9f1f&scene=27#wechat_redirect,东方娃娃“妈妈”主题绘本套装（共4册）,连岳读书,http://mmbiz.qpic.cn/mmbiz_jpg/KKlWx3o7UM34tMMOQ7AQS1GueeLqicBxd1UoztWyC1pIkIY2gOvX8quE303VCvgyCv1oHas4px31xfQGFR0k6gQ/0?wx_fmt=jpeg,https://shop42117076.m.youzan.com/v2/feature/SxzO8NdFjA,否,8,否,日本,,2781,2,2,0
2022-04-28,世界在变，颠倒的事情要再颠倒一次,http://mp.weixin.qq.com/s?__biz=MjM5NDU0Mjk2MQ==&mid=2651782929&idx=1&sn=7171a7a2cadce14a7cd6f62d9b0b8105&chksm=bd7c7b0f8a0bf2191175fd83322d4d590747e418ba9e19f4cff240ceaa2da2d49dc1e6e5dbeb&scene=27#wechat_redirect,好工作的定义在变。,连岳,http://mmbiz.qpic.cn/mmbiz_jpg/KKlWx3o7UM2g7CT1ibMOsFtmdP3lDDHLQkgNdVpUfiar6fH91FbuA3k3dEXdtnd8iaKqHqzx1o2WF6wpoCPcaY9nQ/0?wx_fmt=jpeg,https://shop42117076.m.youzan.com/v2/feature/SxzO8NdFjA,是,1,否,日本,,100001,1689,5468,94
2022-04-27,用光泽感T恤与印花百褶裙，打造你的夏日舒适与优雅,http://mp.weixin.qq.com/s?__biz=MjM5NDU0Mjk2MQ==&mid=2651782836&idx=2&sn=3202906844155881013145fd5ffd7298&chksm=bd7c7aaa8a0bf3bc29cf8c9891b8d7fdeb4532f4e78244396395353b32b78d69925849fe5423&scene=27#wechat_redirect,2624拼接T恤、柔滑质感T恤、印花百褶裙,连叔好货,http://mmbiz.qpic.cn/mmbiz_jpg/KKlWx3o7UM0ankeNBXBYZBZpMBNYEgM6aL9JLZnZlH1yMoBGP5u4LTmqSCdzcPovOxNPttW0xVutHLZ5mO5TJQ/0?wx_fmt=jpeg,https://shop42117076.m.youzan.com/v2/feature/AogST0TN2v,是,2,否,日本,,22853,12,31,0
2022-04-27,玩耍之间，也是探索世界,http://mp.weixin.qq.com/s?__biz=MjM5NDU0Mjk2MQ==&mid=2651782836&idx=3&sn=260ea68018abc92f4b1c37c455d380b1&chksm=bd7c7aaa8a0bf3bcf9c74450277924b16a289ec04f4cbdd0dbf1750d80b0291804724c03cec0&scene=27#wechat_redirect,东方娃娃“探索与发现”主题绘本套装（共2册）,连岳读书,http://mmbiz.qpic.cn/mmbiz_jpg/KKlWx3o7UM0ankeNBXBYZBZpMBNYEgM6jUAkhSe2XXMvLP3JHZlpw7J9k09kMXPhf3tZMnMxRMXL3JxwicBQLJQ/0?wx_fmt=jpeg,https://shop42117076.m.youzan.com/v2/feature/SxzO8NdFjA,是,3,否,日本,,3749,2,4,0
2022-04-27,将美好雕刻为永恒，别于胸前，夹入书页,http://mp.weixin.qq.com/s?__biz=MjM5NDU0Mjk2MQ==&mid=2651782836&idx=4&sn=d3d030f65a12b45b613b2cff64d9d1b9&chksm=bd7c7aaa8a0bf3bc017fadfeca99c5eb209a85fa61d7c6859315018705d175bbbc3cd5c4ceb3&scene=27#wechat_redirect,手心里幸福已来·铃兰书签、好运似锦胸针、桃花朵朵胸针,连叔好货,http://mmbiz.qpic.cn/mmbiz_jpg/KKlWx3o7UM0ankeNBXBYZBZpMBNYEgM6TJFKerD1rBY8AHg54tCR1iaYib8iaicWXx9xvyqFuqczUYqg2HMunEoodQ/0?wx_fmt=jpeg,https://shop42117076.m.youzan.com/v2/feature/AogST0TN2v,否,4,否,日本,,2971,1,5,0
2022-04-27,连岳｜你太快了！,http://mp.weixin.qq.com/s?__biz=MjM5NDU0Mjk2MQ==&mid=2651782836&idx=5&sn=e272cfe4071e0c9a5d29300e9d38e875&chksm=bd7c7aaa8a0bf3bc479e18466d0eecd5128871d7f94778bd8b75795cf388459dd13c65c5036e&scene=27#wechat_redirect,《思考，快与慢》,连岳,http://mmbiz.qpic.cn/mmbiz_jpg/KKlWx3o7UM0cOgoW7zmic2oPgA5wXOEw7tC28Gk1Mn9FKgaVcibsYicAfOwibSWuZdJC0lsYbu2fbfHeZSCxyobCzg/0?wx_fmt=jpeg,https://shop42117076.m.youzan.com/v2/feature/SxzO8NdFjA,否,5,否,日本,,7477,6,12,1
2022-04-27,《儿童经典诵读丛书》：一套十二册，囊括二十余部古代经典的国学启蒙童书,http://mp.weixin.qq.com/s?__biz=MjM5NDU0Mjk2MQ==&mid=2651782836&idx=6&sn=676fee923509e869f40a3b7a81611084&chksm=bd7c7aaa8a0bf3bc614fb936ad5ddbb11cfe90ba1c492b8a42d1a66d34f1648bc5c8277bd3bb&scene=27#wechat_redirect,《儿童经典诵读丛书》（全12册）,连岳读书,http://mmbiz.qpic.cn/mmbiz_jpg/KKlWx3o7UM12mibLpJseaFP3aO3QCHt95icdicEf7zgZyseN5cIics3EuMPia8w9BVAIVibdwv4tqn5Sm6cWGSIiaEmLQ/0?wx_fmt=jpeg,https://shop42117076.m.youzan.com/v2/feature/SxzO8NdFjA,否,6,否,日本,,1662,0,2,0
2022-04-27,为了哄小女儿入睡，诺奖得主吉卜林写了一套迷人的童话,http://mp.weixin.qq.com/s?__biz=MjM5NDU0Mjk2MQ==&mid=2651782836&idx=7&sn=9306d1cf2a5e32f8c3ead6738bc2aa33&chksm=bd7c7aaa8a0bf3bc4a4ca9bddd1bf3405ae17ee0341f5cb17229003a01b28987e69bfa6ff600&scene=27#wechat_redirect,《原来如此的故事》（全8册）,连岳读书,http://mmbiz.qpic.cn/mmbiz_jpg/KKlWx3o7UM2hl0FRXPCwZbOaUM7ib4ibUz0xW8GfxteicKVf17ynAP3uo8gyzDWcRl87B3IkLApjfMUTvweP0czhQ/0?wx_fmt=jpeg,https://shop42117076.m.youzan.com/v2/feature/SxzO8NdFjA,否,7,否,日本,,1792,0,1,0
2022-04-27,如何与孩子谈爱情？,http://mp.weixin.qq.com/s?__biz=MjM5NDU0Mjk2MQ==&mid=2651782836&idx=8&sn=477e497e7f2ddc90c172be7d8c39d46e&chksm=bd7c7aaa8a0bf3bc4beb392b5b497c380a991f0797e5e603ccc168fb9218f6f6cbf0aea8c431&scene=27#wechat_redirect,东方娃娃“爱情”主题绘本套装（共2册）,连岳读书,http://mmbiz.qpic.cn/mmbiz_jpg/KKlWx3o7UM30Q9bJxTLMCueDbia8SgmRkpywrcw6FpqfE91n72X6kc0wR3ViaSvGlLY1syiboPf3PkjGuC7hAvVcA/0?wx_fmt=jpeg,https://shop42117076.m.youzan.com/v2/feature/SxzO8NdFjA,否,8,否,日本,,4827,1,11,0
2022-04-27,人生很长，宜从容等候,http://mp.weixin.qq.com/s?__biz=MjM5NDU0Mjk2MQ==&mid=2651782836&idx=1&sn=d178972250fd7ea05da782eb5cd79529&chksm=bd7c7aaa8a0bf3bc2e124bf7a3b575394f614b06f86ade7021c9b974f623564fd781b8939e94&scene=27#wechat_redirect,人生不是只有一条路。,连岳,http://mmbiz.qpic.cn/mmbiz_jpg/KKlWx3o7UM0ankeNBXBYZBZpMBNYEgM68q2ZmECktecwOlwUmYic375Dh5kc2Vx2cnBeKR2AfzS3xL8SeCngNoQ/0?wx_fmt=jpeg,https://shop42117076.m.youzan.com/v2/feature/SxzO8NdFjA,是,1,否,日本,,100001,1355,4278,92
