文章日期,文章标题,文章链接,评论昵称,评论内容,评论点赞数,留言回复,留言时间,国家,省份
2022-05-09,榜一大哥消失在2022,http://mp.weixin.qq.com/s?__biz=MzkzMTMyNTYxNA==&mid=2247575343&idx=1&sn=1d035824b2cfa332b61929d0c83ef68f&chksm=c26f54eef518ddf8144dae8151ee42bcbfe66535f30d9e7a8faef4568d9ed1b22c2783fbe5f5&scene=27#wechat_redirect,果酱妹,你如何看待以后的秀场直播呢？[吃瓜]欢迎点赞留言，分享你的看法~,2,,2022-05-09 17:10:46,中国,广东
2022-05-09,榜一大哥消失在2022,http://mp.weixin.qq.com/s?__biz=MzkzMTMyNTYxNA==&mid=2247575343&idx=1&sn=1d035824b2cfa332b61929d0c83ef68f&chksm=c26f54eef518ddf8144dae8151ee42bcbfe66535f30d9e7a8faef4568d9ed1b22c2783fbe5f5&scene=27#wechat_redirect,三哥,"榜一大哥消失在2022
这标题6了",1,,2022-05-09 17:32:43,中国,重庆
2022-05-09,榜一大哥消失在2022,http://mp.weixin.qq.com/s?__biz=MzkzMTMyNTYxNA==&mid=2247575343&idx=1&sn=1d035824b2cfa332b61929d0c83ef68f&chksm=c26f54eef518ddf8144dae8151ee42bcbfe66535f30d9e7a8faef4568d9ed1b22c2783fbe5f5&scene=27#wechat_redirect,私域小贱贱,“政策里说，不能用打赏作为单一排名维度，那么只要在榜单的维度中加入互动、活跃人数，就不算单一。”想问问，这个破局思路是可行的吗[破涕为笑],0,,2022-05-09 17:46:55,中国,广东
2022-05-07,裸眼3D朋友圈来了；公众号刷量公司被判赔腾讯百万；李子柒遭300余账号恶意侵权,http://mp.weixin.qq.com/s?__biz=MzkzMTMyNTYxNA==&mid=2247575240&idx=1&sn=099c3cdcf8006c8212e1e3d4d77f2b11&chksm=c26f5509f518dc1f7af24f50798e1b79fb2e1f50ee0c780f66a6a6ef815219e35e28fb776b02&scene=27#wechat_redirect,果酱妹,"跟果酱妹一起回顾过去一周的行业热点资讯[好的]

🙊微信改了推送规则，希望能第一时间收到我们文章推送的友友，要常来评论、点赞、在看呀[让我看看]",0,,2022-05-07 17:35:03,中国,广东
2022-05-07,裸眼3D朋友圈来了；公众号刷量公司被判赔腾讯百万；李子柒遭300余账号恶意侵权,http://mp.weixin.qq.com/s?__biz=MzkzMTMyNTYxNA==&mid=2247575240&idx=1&sn=099c3cdcf8006c8212e1e3d4d77f2b11&chksm=c26f5509f518dc1f7af24f50798e1b79fb2e1f50ee0c780f66a6a6ef815219e35e28fb776b02&scene=27#wechat_redirect,浪里个浪          ༽,周五愉快,0,,2022-05-07 23:19:31,中国,河北
2022-05-07,裸眼3D朋友圈来了；公众号刷量公司被判赔腾讯百万；李子柒遭300余账号恶意侵权,http://mp.weixin.qq.com/s?__biz=MzkzMTMyNTYxNA==&mid=2247575240&idx=1&sn=099c3cdcf8006c8212e1e3d4d77f2b11&chksm=c26f5509f518dc1f7af24f50798e1b79fb2e1f50ee0c780f66a6a6ef815219e35e28fb776b02&scene=27#wechat_redirect,北。,李子柒已经回归了吧。 视频号叫什么李家有女李佳佳，还是啥来着,0,辟谣啦，李子柒不会改名~,2022-05-07 17:09:37,中国,四川
2022-05-06,抖音微博纷纷展示IP属地，谁在“裸泳”？,http://mp.weixin.qq.com/s?__biz=MzkzMTMyNTYxNA==&mid=2247575171&idx=1&sn=e28ec61d0f97e546c01a7df1712b1e61&chksm=c26f5542f518dc54b0db20920f072d3b427531103b680f774f8a9bd59489f9cbbe16dc5a292a&scene=27#wechat_redirect,果酱妹,大家对此有什么看法吗[吃瓜]欢迎点赞留言，分享你的看法~,1,,2022-05-06 17:16:14,中国,广东
2022-05-06,抖音微博纷纷展示IP属地，谁在“裸泳”？,http://mp.weixin.qq.com/s?__biz=MzkzMTMyNTYxNA==&mid=2247575171&idx=1&sn=e28ec61d0f97e546c01a7df1712b1e61&chksm=c26f5542f518dc54b0db20920f072d3b427531103b680f774f8a9bd59489f9cbbe16dc5a292a&scene=27#wechat_redirect,木南,不好意思，我上次的评论也翻车了[旺柴],2,[旺柴]欢迎再来,2022-05-06 17:30:33,中国,香港
2022-05-06,抖音微博纷纷展示IP属地，谁在“裸泳”？,http://mp.weixin.qq.com/s?__biz=MzkzMTMyNTYxNA==&mid=2247575171&idx=1&sn=e28ec61d0f97e546c01a7df1712b1e61&chksm=c26f5542f518dc54b0db20920f072d3b427531103b680f774f8a9bd59489f9cbbe16dc5a292a&scene=27#wechat_redirect,🐮 ʲᶜ ᶻᵒᵘ,周围的人都说我们处在北京的五十五环，看看我在哪儿？,0,[旺柴]这位四川的朋友请自重,2022-05-06 17:34:37,中国,四川
2022-05-06,抖音微博纷纷展示IP属地，谁在“裸泳”？,http://mp.weixin.qq.com/s?__biz=MzkzMTMyNTYxNA==&mid=2247575171&idx=1&sn=e28ec61d0f97e546c01a7df1712b1e61&chksm=c26f5542f518dc54b0db20920f072d3b427531103b680f774f8a9bd59489f9cbbe16dc5a292a&scene=27#wechat_redirect,小仙女🚢,怎么看公众号从哪里发出来的,0,如果是个人号，文章拉到底部就可以看见了，企业主体的公众号暂时还不显示,2022-05-06 17:28:20,中国,江苏
2022-05-06,抖音微博纷纷展示IP属地，谁在“裸泳”？,http://mp.weixin.qq.com/s?__biz=MzkzMTMyNTYxNA==&mid=2247575171&idx=1&sn=e28ec61d0f97e546c01a7df1712b1e61&chksm=c26f5542f518dc54b0db20920f072d3b427531103b680f774f8a9bd59489f9cbbe16dc5a292a&scene=27#wechat_redirect,《太行人家》15517319100,请问我在哪里？谢谢[玫瑰][玫瑰][玫瑰],0,[机智]河南哦,2022-05-06 18:07:56,中国,河南
2022-05-06,抖音微博纷纷展示IP属地，谁在“裸泳”？,http://mp.weixin.qq.com/s?__biz=MzkzMTMyNTYxNA==&mid=2247575171&idx=1&sn=e28ec61d0f97e546c01a7df1712b1e61&chksm=c26f5542f518dc54b0db20920f072d3b427531103b680f774f8a9bd59489f9cbbe16dc5a292a&scene=27#wechat_redirect,勿忘,我就想看看ip显示在哪的？,0,,2022-05-07 08:44:55,中国,江苏
2022-05-06,抖音微博纷纷展示IP属地，谁在“裸泳”？,http://mp.weixin.qq.com/s?__biz=MzkzMTMyNTYxNA==&mid=2247575171&idx=1&sn=e28ec61d0f97e546c01a7df1712b1e61&chksm=c26f5542f518dc54b0db20920f072d3b427531103b680f774f8a9bd59489f9cbbe16dc5a292a&scene=27#wechat_redirect,刺客月末,"广东
",0,,2022-05-07 00:38:40,中国,广东
2022-05-06,抖音微博纷纷展示IP属地，谁在“裸泳”？,http://mp.weixin.qq.com/s?__biz=MzkzMTMyNTYxNA==&mid=2247575171&idx=1&sn=e28ec61d0f97e546c01a7df1712b1e61&chksm=c26f5542f518dc54b0db20920f072d3b427531103b680f774f8a9bd59489f9cbbe16dc5a292a&scene=27#wechat_redirect,Wu_90,我在哪里🧐,0,四川~[机智],2022-05-06 18:33:31,中国,四川
2022-05-06,抖音微博纷纷展示IP属地，谁在“裸泳”？,http://mp.weixin.qq.com/s?__biz=MzkzMTMyNTYxNA==&mid=2247575171&idx=1&sn=e28ec61d0f97e546c01a7df1712b1e61&chksm=c26f5542f518dc54b0db20920f072d3b427531103b680f774f8a9bd59489f9cbbe16dc5a292a&scene=27#wechat_redirect,Mr.韩,我在北京，对不对,0,[旺柴]没错是北京的朋友！,2022-05-06 17:45:54,中国,北京
2022-05-06,抖音微博纷纷展示IP属地，谁在“裸泳”？,http://mp.weixin.qq.com/s?__biz=MzkzMTMyNTYxNA==&mid=2247575171&idx=1&sn=e28ec61d0f97e546c01a7df1712b1e61&chksm=c26f5542f518dc54b0db20920f072d3b427531103b680f774f8a9bd59489f9cbbe16dc5a292a&scene=27#wechat_redirect,风吹麦浪（加好友说明来由）,我也来看看,0,[旺柴]一位来自北京的朋友,2022-05-06 17:24:19,中国,北京
2022-05-06,抖音微博纷纷展示IP属地，谁在“裸泳”？,http://mp.weixin.qq.com/s?__biz=MzkzMTMyNTYxNA==&mid=2247575171&idx=1&sn=e28ec61d0f97e546c01a7df1712b1e61&chksm=c26f5542f518dc54b0db20920f072d3b427531103b680f774f8a9bd59489f9cbbe16dc5a292a&scene=27#wechat_redirect,凉拌烟火气,来条评论，主要是想看看我在哪[旺柴],0,一位来自广东的小伙伴[旺柴],2022-05-06 17:10:39,中国,广东
2022-04-29,腾讯起诉爆文洗稿软件索赔近500W；微博全量展示IP属地，强制“裸奔”？,http://mp.weixin.qq.com/s?__biz=MzkzMTMyNTYxNA==&mid=2247575025&idx=1&sn=30eecf54fe3a8660c54d3b93ee9231dd&chksm=c26f5630f518df26c0e17070c3c33f3fcd1bb65270793df8a332f78e733792c1dfc3b1dcb264&scene=27#wechat_redirect,木南,微博的IP显示，一方面人们没有了隐私，一方面助长了IP代理之风。,5,,2022-04-29 17:43:48,中国,宁夏
2022-04-29,腾讯起诉爆文洗稿软件索赔近500W；微博全量展示IP属地，强制“裸奔”？,http://mp.weixin.qq.com/s?__biz=MzkzMTMyNTYxNA==&mid=2247575025&idx=1&sn=30eecf54fe3a8660c54d3b93ee9231dd&chksm=c26f5630f518df26c0e17070c3c33f3fcd1bb65270793df8a332f78e733792c1dfc3b1dcb264&scene=27#wechat_redirect,夏至未至,微信个人公众号，部分也展示用户“IP属地”功能[转圈],3,嗯嗯，正在内测中~,2022-04-29 17:22:41,中国,安徽
2022-04-29,腾讯起诉爆文洗稿软件索赔近500W；微博全量展示IP属地，强制“裸奔”？,http://mp.weixin.qq.com/s?__biz=MzkzMTMyNTYxNA==&mid=2247575025&idx=1&sn=30eecf54fe3a8660c54d3b93ee9231dd&chksm=c26f5630f518df26c0e17070c3c33f3fcd1bb65270793df8a332f78e733792c1dfc3b1dcb264&scene=27#wechat_redirect,木南,我想看看我现在的IP（代理以后）,1,日本[旺柴],2022-05-03 13:21:52,日本,
2022-04-29,腾讯起诉爆文洗稿软件索赔近500W；微博全量展示IP属地，强制“裸奔”？,http://mp.weixin.qq.com/s?__biz=MzkzMTMyNTYxNA==&mid=2247575025&idx=1&sn=30eecf54fe3a8660c54d3b93ee9231dd&chksm=c26f5630f518df26c0e17070c3c33f3fcd1bb65270793df8a332f78e733792c1dfc3b1dcb264&scene=27#wechat_redirect,胖芙芙,只有评论区的留言才会展示IP属地吧？号主发布内容时的IP还是不会展示吧？,0,内容的IP属地也会展示的,2022-05-01 19:11:22,中国,广东
2022-04-29,腾讯起诉爆文洗稿软件索赔近500W；微博全量展示IP属地，强制“裸奔”？,http://mp.weixin.qq.com/s?__biz=MzkzMTMyNTYxNA==&mid=2247575025&idx=1&sn=30eecf54fe3a8660c54d3b93ee9231dd&chksm=c26f5630f518df26c0e17070c3c33f3fcd1bb65270793df8a332f78e733792c1dfc3b1dcb264&scene=27#wechat_redirect,在路上,“木南”来自宁夏“夏至未至”来自安徽，看看我来自哪里[旺柴],0,湖南湖南~,2022-04-29 20:42:23,中国,湖南
2022-04-28,“全网唯一没人敢骂的男人”在看点赞数双破万，“读博第5年，我从北大退学了”引热议 | 每日爆文,http://mp.weixin.qq.com/s?__biz=MzkzMTMyNTYxNA==&mid=2247574970&idx=3&sn=323d5b9ddafab0e8ac99aaf4aa903df2&chksm=c26f567bf518df6d915d26668d41e4b779c440fce588dd06de1d40d3050b56a3728cba979a9f&scene=27#wechat_redirect,SHIN°🌈,那个男人，说起来都是满满的骄傲，也是满满的泪水,1,,2022-04-28 19:45:47,,
2022-04-28,年销量破亿瓶，曾靠沙示打江山，亚洲汽水有新的流量密码,http://mp.weixin.qq.com/s?__biz=MzkzMTMyNTYxNA==&mid=2247574970&idx=1&sn=112d98b77b7551c1c2eec89ad2705aef&chksm=c26f567bf518df6d2613de9537a3709bd471571716ea7b6a8eba89e793e6335628949debb243&scene=27#wechat_redirect,40,本广州人，其他味道都没尝过233,0,可以尝尝哈哈[旺柴]瓶子也很好看,2022-04-28 21:48:25,,
2022-04-28,年销量破亿瓶，曾靠沙示打江山，亚洲汽水有新的流量密码,http://mp.weixin.qq.com/s?__biz=MzkzMTMyNTYxNA==&mid=2247574970&idx=1&sn=112d98b77b7551c1c2eec89ad2705aef&chksm=c26f567bf518df6d2613de9537a3709bd471571716ea7b6a8eba89e793e6335628949debb243&scene=27#wechat_redirect,今天也要努力加油鸭,在美宜佳买过，原来是微果酱做的[666][666][666],0,,2022-04-28 19:32:34,,
